t_us,seq,cost_a_avail,cost_a_read,cost_g_avail,cost_g_read,t_imu,t_serial,missed
10277206,83,1129,4228,1099,4213,10773,207,322
10288169,84,1128,4260,1126,4262,10712,225,324
10299239,85,1128,4275,1101,4228,10818,225,325
10310255,86,1127,4221,1100,4216,10773,215,326
10321194,87,1163,4233,1127,4214,10704,207,327
10332235,88,1147,4236,1098,4257,10807,206,328
10343275,89,1100,4210,1097,4217,10779,235,330
10354233,90,1117,4230,1098,4224,10696,235,331
10365206,91,1158,4278,1099,4259,10710,207,332
10376277,92,1100,4213,1100,4213,10837,207,333
10387209,93,1137,4237,1116,4212,10698,206,334
10398204,94,1125,4209,1125,4263,10744,206,336
10409250,95,1129,4257,1113,4213,10794,225,337
10420247,96,1099,4208,1101,4228,10755,215,338
10431187,97,1129,4237,1097,4249,10707,207,339
10442203,98,1129,4268,1101,4287,10755,206,340
10453293,99,1131,4211,1098,4216,10829,235,342
10464252,100,1147,4229,1098,4221,10698,233,343
10475223,101,1128,4251,1099,4228,10736,207,344
10486236,102,1133,4222,1100,4227,10778,207,345
10497222,103,1107,4235,1116,4213,10752,207,346
10508216,104,1128,4231,1126,4263,10743,207,348
10519258,105,1098,4264,1127,4224,10788,225,349
10530294,106,1128,4209,1099,4211,10785,225,350
10541217,107,1169,4233,1123,4228,10689,207,351
10552247,108,1130,4224,1097,4269,10795,207,352
10563289,109,1129,4219,1098,4211,10779,235,354
10574240,110,1129,4211,1137,4235,10700,225,355
10585228,111,1128,4259,1100,4249,10754,208,356
10596269,112,1156,4214,1101,4224,10807,207,357
10607240,113,1132,4236,1116,4213,10736,207,358
10618230,114,1099,4215,1100,4226,10738,207,360
10629191,115,1127,4209,1100,4209,10710,224,361
10640112,116,1163,4229,1127,4221,10688,207,362
10651129,117,1131,4250,1101,4276,10783,207,363
10662191,118,1100,4210,1097,4226,10799,236,364
10673157,119,1146,4230,1098,4208,10705,234,366
10684114,120,1156,4265,1099,4214,10722,207,367
10695125,121,1129,4260,1100,4226,10777,207,368
10706116,122,1146,4236,1116,4213,10757,207,369
10717121,123,1125,4207,1128,4258,10754,207,370
10728162,124,1128,4253,1127,4222,10789,225,372
10739185,125,1128,4213,1099,4210,10771,224,373
10750110,126,1143,4235,1125,4243,10692,207,374
10761133,127,1129,4249,1097,4265,10788,207,375
10772179,128,1101,4220,1098,4207,10784,236,376
10783131,129,1100,4212,1141,4229,10696,229,378
10794120,130,1156,4265,1099,4246,10754,207,379
10805162,131,1157,4215,1100,4232,10808,207,380
10816142,132,1103,4236,1116,4213,10745,207,381
10827132,133,1128,4210,1099,4228,10740,207,382
10838081,134,1127,4217,1099,4217,10706,216,384
10849019,135,1160,4232,1127,4222,10704,208,385
10860036,136,1130,4258,1098,4267,10783,207,386
10871095,137,1129,4211,1097,4214,10795,236,387
10882050,138,1117,4212,1096,4207,10694,234,388
10893006,139,1157,4265,1104,4212,10721,207,390
10904020,140,1099,4267,1101,4226,10779,208,391
10915017,141,1146,4229,1099,4213,10763,207,392
10925997,142,1128,4244,1126,4265,10729,225,393
10937054,143,1126,4255,1128,4220,10805,226,394
10948076,144,1127,4209,1100,4210,10772,224,396
10959000,145,1148,4249,1126,4227,10689,207,397
10970027,146,1101,4249,1097,4266,10793,207,398
10981074,147,1131,4220,1098,4207,10783,235,399
10992056,148,1100,4213,1138,4230,10697,229,400
11003012,149,1156,4265,1104,4239,10722,207,402
11014051,150,1152,4213,1100,4225,10804,207,403
11025019,151,1139,4235,1116,4212,10734,207,404
11036014,152,1125,4210,1127,4255,10743,207,405
11047055,153,1127,4252,1128,4213,10789,226,406
11058058,154,1129,4207,1098,4233,10761,215,408
11069003,155,1145,4234,1127,4210,10710,207,409
11080023,156,1129,4263,1098,4269,10758,207,410
11091087,157,1100,4219,1098,4207,10802,236,411
11102070,158,1099,4212,1115,4235,10696,230,412
11113009,159,1128,4214,1100,4277,10705,207,414
11124033,160,1127,4239,1100,4216,10790,207,415
11135019,161,1128,4248,1099,4222,10752,207,416
11146013,162,1128,4239,1127,4213,10741,226,417
11157013,163,1098,4221,1098,4212,10749,224,418
11167947,164,1115,4240,1123,4228,10700,207,420
11178959,165,1130,8,1097,9,10778,207,421
11182455,166,1130,9,1098,4263,2304,204,421
11189237,167,1098,4208,1099,4211,6543,213,421
11200159,168,1130,4253,1097,4245,10659,206,422
11211204,169,1130,4210,1098,4218,10783,236,423
11222164,170,1116,4219,1097,4207,10698,234,424
11233127,171,1158,4215,1100,4263,10730,207,426
11244139,172,1128,4269,1100,4220,10777,207,427
11255132,173,1146,4239,1100,4213,10759,207,428
11266125,174,1129,4219,1100,4226,10740,226,429
11277084,175,1098,4218,1099,4231,10717,215,430
11288035,176,1148,4233,1128,4209,10717,207,432
11299056,177,1100,4253,1098,4267,10786,207,433
11310107,178,1100,4212,1098,4209,10789,236,434
11321060,179,1128,4212,1114,4229,10691,234,435
11332020,180,1158,4213,1100,4212,10726,208,436
11342980,181,1128,4222,1116,4224,10726,207,438
11353963,182,1126,4211,1100,4250,10749,207,439
11365001,183,1127,4243,1100,4216,10785,225,440
11375970,184,1103,4206,1098,4260,10726,215,441
11386943,185,1150,4234,1127,4212,10738,207,442
11397969,186,1129,4262,1097,4258,10792,208,444
11409021,187,1101,4222,1098,4207,10790,235,445
11420002,188,1100,4212,1115,4239,10698,226,446
11430944,189,1158,4214,1100,4272,10707,207,447
11441964,190,1156,4235,1101,4213,10785,207,448
11452944,191,1099,4243,1100,4232,10746,208,450
11463943,192,1125,4210,1127,4213,10746,225,451
11474939,193,1126,4208,1099,4214,10745,224,452
11485863,194,1145,4232,1125,4236,10690,208,453
11496877,195,1129,4258,1102,4268,10781,207,454
11507940,196,1129,4212,1102,4210,10800,234,456
11518897,197,1146,4226,1098,4209,10696,235,457
11529868,198,1156,4214,1100,4285,10737,208,458
11540900,199,1155,4217,1100,4227,10798,207,459
11551875,200,1145,4230,1100,4213,10740,207,460
11562857,201,1128,4220,1099,4228,10730,226,462
11573816,202,1099,4214,1099,4227,10716,215,463
11584760,203,1146,4231,1122,4224,10709,207,464
11595760,204,1130,4285,1098,4247,10767,207,465
11606824,205,1100,4210,1097,4215,10801,236,466
11617780,206,1129,4212,1114,4223,10695,234,468
11628736,207,1158,4211,1100,4212,10722,208,469
11639695,208,1128,4222,1116,4220,10725,207,470
11650674,209,1156,4219,1099,4265,10745,207,471
11661708,210,1127,4256,1127,4214,10782,226,472
11672716,211,1131,4207,1099,4228,10766,216,474
11683659,212,1114,4234,1127,4211,10708,208,475
11694679,213,1129,4263,1097,4250,10786,208,476
11705723,214,1129,4211,1097,4221,10782,236,477
11716685,215,1131,4213,1107,4233,10701,234,478
11727644,216,1158,4212,1100,4213,10724,208,480
11738603,217,1129,4234,1115,4212,10725,207,481
11749588,218,1154,4236,1101,4255,10733,207,482
11760629,219,1127,4249,1128,4213,10789,226,483
11771630,220,1128,4207,1100,4234,10759,215,484
11782573,221,1145,4213,1127,4211,10709,207,486
11793573,222,1130,4262,1097,4258,10765,207,487
11804626,223,1129,4220,1102,4206,10791,235,488
11815578,224,1100,4222,1096,4235,10701,223,489
11826538,225,1156,4213,1101,4212,10698,207,490
11837496,226,1107,4228,1099,4213,10723,207,492
11848466,227,1157,4209,1126,4215,10718,224,493
11859467,228,1128,4294,1127,4227,10749,225,494
11870526,229,1128,4210,1102,4230,10817,215,495
11881473,230,1146,4229,1125,4234,10712,207,496
11892483,231,1130,4263,1098,4252,10777,207,498
11903531,232,1130,4219,1098,4207,10785,236,499
11914512,233,1101,9,1100,8,10697,228,500
11917476,234,1099,8,1116,9,2261,221,500
11922461,235,1128,4213,1100,4211,2275,211,500
11933389,236,1134,4227,1099,4213,10695,207,501
11944357,237,1127,4209,1127,4215,10716,224,502
11955358,238,1127,4295,1126,4228,10750,225,503
11966420,239,1127,4211,1106,4229,10820,216,504
11977369,240,1128,4235,1125,4245,10714,208,505
11988379,241,1131,4267,1102,8,10776,207,507
11995162,242,1101,9,1116,8,6551,205,507
11997733,243,1098,9,1101,4234,2276,211,507
12004505,244,1131,4212,1098,4206,6513,205,507
12015454,245,1130,4213,1097,4235,10688,235,508
12026405,246,1157,4217,1100,4213,10717,207,509
12037368,247,1107,4229,1100,4213,10730,207,510
12048339,248,1157,4210,1100,4215,10718,224,512
12059342,249,1099,4285,1127,4224,10752,225,513
12070390,250,1098,4210,1110,4230,10804,215,514
12081342,251,1097,4249,1127,4229,10718,208,515
12092350,252,1100,4263,1099,4271,10774,207,516
12103417,253,1100,8,1112,8,10805,236,518
12107460,254,1100,8,1125,4245,2302,203,518
12114214,255,1157,4214,1100,4217,6522,205,518
12125176,256,1137,4228,1099,4214,10729,206,519
12136146,257,1128,4210,1099,4215,10718,225,520
12147150,258,1097,4285,1127,4213,10752,225,521
12158186,259,1099,4208,1116,4233,10794,216,523
12169146,260,1128,4235,1127,4209,10697,207,524
12180150,261,1129,4213,1097,4208,10769,208,525
12191101,262,1146,4218,1098,4209,10690,235,526
12202065,263,1156,4264,1114,4240,10730,207,527
12213118,264,1156,4216,1100,4212,10818,207,529
12224078,265,1114,4229,1099,4213,10727,207,530
12235056,266,1156,4236,1099,4215,10726,224,531
12246056,267,1099,4275,1104,4214,10749,225,532
12257070,268,1103,4207,1098,4211,10763,223,533
12267995,269,1129,4254,1127,4247,10662,207,535
12279047,270,1101,4212,1098,4208,10817,207,536
12290000,271,1146,4212,1098,4207,10691,234,537
12300957,272,1156,4245,1100,4275,10723,208,538
12312026,273,1129,4213,1100,4213,10835,207,539
12322986,274,1133,4228,1099,4228,10725,207,541
12333968,275,1145,4223,1100,4215,10732,224,542
12344943,276,1127,4282,1109,4214,10723,224,543
12355968,277,1099,4206,1098,4212,10775,224,544
12366889,278,1130,4267,1099,4228,10687,207,545
12377918,279,1129,4212,1098,4208,10766,236,547
12388869,280,1130,4232,1106,4234,10689,235,548
12399848,281,1157,4212,1100,4212,10745,207,549
12410806,282,1104,4235,1116,4213,10724,207,550
12421797,283,1137,4223,1100,4214,10739,207,551
12432764,284,1129,4276,1100,4216,10716,224,553
12443777,285,1129,4215,1098,4216,10761,208,554
12454710,286,1129,4269,1127,4247,10699,207,555
12465758,287,1130,4211,1098,4208,10815,207,556
12476711,288,1147,4213,1115,4207,10690,234,557
12487669,289,1100,4214,1100,4271,10724,207,559
12498688,290,1128,4226,1101,4212,10785,207,560
12509631,291,1128,4226,1100,4247,10709,207,561
12520628,292,1131,4227,1126,4215,10745,225,562
12531612,293,1127,4209,1111,4236,10742,215,563
12542571,294,1144,4214,1122,4228,10724,208,565
12553556,295,1101,4212,1098,4208,10751,207,566
12564508,296,1146,4247,1098,4206,10690,235,567
12575482,297,1100,4265,1126,4233,10739,207,568
12586538,298,1100,4213,1100,4213,10822,208,569
12597496,299,1136,4235,1116,4213,10724,207,571
12608489,300,1106,4224,1100,4211,10741,207,572
12619444,301,1103,4206,1098,4291,10713,216,573
12630449,302,1127,4213,1099,4221,10771,207,574
12641401,303,1129,4283,1098,4220,10701,208,575
12652435,304,1129,4212,1098,4207,10773,235,576
12663376,305,1100,4228,1101,4235,10690,225,578
12674347,306,1157,4218,1100,4212,10707,207,579
12685310,307,1117,4233,1100,4213,10729,208,580
12696297,308,1156,4238,1100,4212,10734,225,581
12707288,309,1128,4303,1127,4221,10748,216,582
12718351,310,1102,4216,1116,4229,10820,215,584
12729321,311,1134,4236,1123,4229,10707,208,585
12740319,312,1131,4211,1098,4212,10764,207,586
12751274,313,1147,4213,1115,4208,10694,234,587
12762232,314,1157,4211,1100,4213,10724,207,588
12773189,315,1099,4293,1110,4212,10722,207,590
12784207,316,1129,4226,1100,4251,10784,207,591
12795209,317,1158,4250,1100,4212,10749,226,592
12806214,318,1128,4207,1098,4257,10763,216,593
12817181,319,1117,4207,1125,4225,10732,208,594
12828131,320,1129,4211,1102,4296,10716,207,596
12839174,321,1130,4215,1098,4207,10782,234,597
12850120,322,1100,4234,1116,4234,10692,227,598
12861110,323,1156,4214,1101,4212,10726,207,599
12872068,324,1115,4229,1099,4223,10724,207,600
12883057,325,1144,4229,1100,4212,10738,224,602
12894026,326,1099,4301,1100,4215,10726,216,603
12905063,327,1128,4212,1098,4212,10786,207,604
12915989,328,1101,4275,1125,4240,10691,207,605
12927035,329,1130,4213,1099,4208,10812,207,606
12937988,330,1130,4219,1115,4209,10692,235,608
12948938,331,1155,4213,1100,4212,10715,208,609
12959895,332,1110,4293,1110,4213,10724,207,610
12970926,333,1130,4228,1100,4259,10796,207,611
12981937,334,1128,4220,1127,4215,10759,226,612
12992910,335,1098,4213,1116,4257,10731,216,614
13003901,336,1114,4206,1118,4210,10756,207,615
13014855,337,1130,4232,1098,4281,10720,207,616
13025901,338,1131,4212,1097,4213,10784,235,617
13036857,339,1128,4244,1115,4209,10695,234,618
13047830,340,1156,4214,1101,4213,10739,207,620
13058789,341,1135,4267,1115,4237,10724,208,621
13069820,342,1128,4210,1099,4265,10797,207,622
13080817,343,1128,4218,1099,4227,10745,225,623
13091782,344,1098,4215,1117,4264,10715,223,624
13102780,345,1144,4212,1117,4211,10735,207,626
13113740,346,1130,4225,1097,4292,10726,208,627
13124789,347,1101,4213,1097,4212,10787,236,628
13135745,348,1130,4222,1099,4234,10694,234,629
13146707,349,1157,4212,1100,4213,10727,207,630
13157664,350,1129,4244,1100,4228,10723,207,632
13168659,351,1156,4211,1099,4214,10741,225,633
13179623,352,1129,4206,1108,4266,10721,216,634
13190609,353,1117,4207,1107,4224,10752,207,635
13201540,354,1130,4215,1098,4208,10697,207,636
13212496,355,1129,4221,1115,4210,10693,235,638
13223447,356,1157,4212,1100,4237,10717,207,639
13234431,357,1131,4239,1110,4210,10749,207,640
13245424,358,1129,4224,1099,4261,10760,207,641
13256432,359,1155,4237,1099,4214,10755,226,642
13267422,360,1128,4206,1101,4285,10747,216,643
13278419,361,1144,4209,1098,4219,10763,207,645
13289365,362,1131,4272,1098,4218,10711,207,646
13300387,363,1131,4214,1098,9,10761,234,647
13307112,364,1122,9,1099,8,6492,206,647
13309651,365,1144,9,1099,4213,2310,202,647
13316415,366,1129,4220,1115,4210,6505,232,647
13327364,367,1156,4213,1100,4238,10715,206,648
13338347,368,1100,4241,1110,4213,10749,207,650
13349343,369,1129,4212,1099,4265,10761,207,651
13360343,370,1129,4208,1127,4213,10748,225,652
13371305,371,1097,4208,1116,4274,10718,215,653
13382307,372,1117,4208,1105,4225,10739,207,654
13393239,373,1100,4212,1099,4312,10697,207,656
13404295,374,1101,4211,1098,4217,10794,235,657
13415255,375,1130,9,1110,9,10698,234,658
13417802,376,1099,9,1118,9,2298,221,658
13422463,377,1109,4227,1098,4206,2304,231,658
13433432,378,1100,4246,1099,4240,10684,230,659
13444393,379,1156,4215,1100,4211,10726,208,660
13455352,380,1146,4288,1100,4217,10726,207,661
13466379,381,1128,4224,1099,4215,10792,207,662
13477339,382,1129,4264,1128,4217,10708,225,663
13488361,383,1126,4208,1117,4276,10779,215,665
13499364,384,1117,4207,1128,4209,10770,207,666
13510302,385,1130,4212,1098,4269,10703,207,667
13521314,386,1130,4215,1097,4209,10750,236,668
13532298,387,1100,4263,1097,4225,10692,264,669
13543260,388,1157,4211,1100,4213,10727,207,671
13554217,389,1146,4262,1116,4237,10723,208,672
13565256,390,1128,4209,1100,4214,10805,207,673
13576200,391,1128,4280,1127,4215,10693,224,674
13587235,392,1128,4207,1098,4275,10793,215,675
13598220,393,1144,4212,1115,4211,10752,207,677
13609179,394,1129,4222,1097,4303,10724,207,678
13620235,395,1101,4212,1102,4211,10794,235,679
13631195,396,1129,4222,1098,4216,10698,235,680
13642137,397,1159,4217,1100,4213,10708,207,681
13653102,398,1128,4273,1116,4251,10731,208,683
13664148,399,1099,4211,1100,4222,10812,207,684
13675104,400,1098,4268,1127,4217,10704,225,685
13686128,401,1127,4208,1098,4246,10781,215,686
13697083,402,1126,4221,1125,4239,10721,207,687
13708070,403,1100,4211,1101,4303,10752,207,689
13719119,404,1129,4211,1098,4218,10787,234,690
13730081,405,1130,4224,1096,4225,10699,236,691
13741033,406,1157,4213,1100,4213,10717,207,692
13751992,407,1128,4245,1100,4228,10724,207,693
13762988,408,1114,4223,1099,4214,10744,226,695
13773953,409,1129,4292,1128,4214,10721,216,696
13785007,410,1098,4209,1099,4210,10805,223,697
13795930,411,1131,4233,1125,4234,10659,207,698
13806946,412,1129,4212,1099,4312,10783,207,699
13818001,413,1129,4212,1102,4210,10793,235,701
13828960,414,1100,4254,1098,4213,10697,235,702
13839930,415,1156,4214,1100,4212,10737,207,703
13850890,416,1146,4273,1116,4225,10725,208,704
13861926,417,1128,4209,1099,4214,10802,207,705
13872871,418,1129,4279,1127,4217,10695,224,707
13883908,419,1128,4207,1116,4273,10794,216,708
13894907,420,1097,4208,1117,4224,10765,208,709
13905830,421,1101,4212,1098,4208,10689,207,710
13916782,422,1101,4232,1115,4207,10690,235,711
13927742,423,1156,4226,1100,4213,10727,207,713
13938714,424,1130,4243,1106,4217,10737,208,714
13949714,425,1129,4212,1100,4215,10766,208,715
13960663,426,1099,4269,1100,4214,10698,225,716
13971686,427,1099,8,1098,8,10780,216,717
13974230,428,1101,9,1116,8,2285,232,717
13977458,429,1101,4211,1097,4214,2306,211,717
13988384,430,1130,4232,1099,4212,10664,234,718
13999332,431,1158,4213,1101,4214,10715,207,719
14010294,432,1130,4211,1100,4245,10728,207,720
14021274,433,1126,4215,1099,4215,10727,225,721
14032244,434,1127,4207,1116,4266,10727,216,722
14043236,435,1117,4211,1108,4213,10758,207,724
14054163,436,1130,4228,1097,4265,10692,207,725
14065188,437,1149,4213,1097,4211,10762,236,726
14076161,438,1129,4239,1098,4208,10712,234,727
14087113,439,1158,4212,1101,4213,10718,207,728
14098073,440,1129,4211,1100,4265,10725,207,730
14109072,441,1149,4209,1100,4215,10746,225,731
14120029,442,1128,4264,1098,4228,10713,215,732
14131023,443,1116,4206,1109,4212,10760,208,733
14141942,444,1129,4237,1098,4265,10685,208,734
14152976,445,1139,4216,1098,4206,10771,235,736
14163939,446,1130,4253,1098,4216,10701,235,737
14174911,447,1157,4212,1100,4213,10738,207,738
14185870,448,1128,4210,1099,4284,10725,207,739
14196886,449,1129,4208,1099,4215,10765,224,740
14207823,450,1128,4279,1126,4223,10695,215,742
14218856,451,1127,4209,1099,4209,10799,207,743
14229793,452,1172,4220,1125,4226,10687,207,744
14240812,453,1132,4212,1102,4207,10785,207,745
14251769,454,1101,4232,1115,4211,10695,234,746
14262734,455,1099,4214,1100,4212,10730,208,748
14273692,456,1129,4234,1116,4228,10667,208,749
14284703,457,1128,4211,1099,4215,10777,208,750
14295651,458,1127,4265,1100,4213,10696,225,751
14306669,459,1099,4208,1098,4212,10776,216,752
14317592,460,1127,4244,1125,4232,10660,208,754
14328596,461,1101,4211,1098,4298,10771,207,755
14339639,462,1131,4219,1098,4212,10780,235,756
14350591,463,1099,4265,1106,4214,10702,224,757
14361582,464,1158,4213,1100,4212,10727,208,758
14372543,465,1128,4211,1099,4246,10727,207,760
14383523,466,1143,4226,1100,4211,10728,225,761
14394487,467,1127,4207,1117,4281,10722,216,762
14405495,468,1117,4207,1109,4209,10775,207,763
14416414,469,1130,4236,1098,4265,10684,207,764
14427447,470,1149,4211,1098,4208,10771,235,765
14438416,471,1100,4248,1098,4207,10706,236,767
14449374,472,1126,4213,1100,4217,10695,208,768
14460337,473,1129,4304,1116,4227,10729,207,769
14471388,474,1129,4211,1100,4214,10817,208,770
14482335,475,1127,4292,1100,4212,10696,225,771
14493352,476,1103,4206,1099,4211,10775,216,773
14504276,477,1128,4222,1125,4225,10660,207,774
14515269,478,1130,4212,1099,4212,10758,208,775
14526225,479,1130,4259,1115,4226,10695,234,776
14537254,480,1100,4215,1125,4221,10772,230,777
14548238,481,1102,4214,1100,4217,10720,207,779
14559204,482,1128,4211,1100,4247,10732,207,780
14570183,483,1135,4224,1100,4213,10727,226,781
14581140,484,1127,4263,1099,4228,10715,216,782
14592134,485,1143,4213,1099,9,10760,207,783
14598899,486,1129,9,1100,8,6505,234,784
14602460,487,1128,4213,1100,4217,2288,221,784
14613428,488,1098,4285,1099,4212,10727,215,785
14624428,489,1098,4208,1119,4224,10765,208,786
14635354,490,1131,4226,1098,4269,10693,207,787
14646383,491,1131,4220,1098,4209,10766,235,788
14657343,492,1128,8,1116,9,10699,234,789
14659885,493,1099,9,1109,8,2303,211,789
14662486,494,1100,4248,1121,4222,2266,231,789
14673482,495,1100,4265,1107,4210,10734,235,790
14684469,496,1155,4213,1101,4218,10722,207,791
14695432,497,1129,4302,1116,4239,10729,208,792
14706494,498,1130,4209,1100,4213,10828,207,793
14717440,499,1129,4265,1101,4214,10694,225,794
14728469,500,1099,4207,1098,4211,10779,224,796
14739390,501,1128,4247,1123,4224,10657,207,797
14750388,502,1130,4212,1098,4295,10764,207,798
14761428,503,1139,4216,1097,4213,10777,235,799
14772398,504,1130,4256,1098,4209,10708,234,800
14783368,505,1155,4214,1100,4217,10735,208,802
14794332,506,1129,4283,1116,4220,10730,207,803
14805372,507,1100,4220,1100,4213,10807,207,804
14816328,508,1098,9,1109,9,10704,225,805
14818881,509,1130,9,1101,8,2295,232,805
14822461,510,1125,4231,1100,4213,2290,221,805
14833414,511,1098,4207,1098,4298,10712,215,806
14844422,512,1143,4208,1098,4222,10745,207,807
14855370,513,1129,4281,1098,4208,10713,208,808
14866390,514,1149,4213,1097,4212,10759,234,809
14877365,515,1100,4240,1098,4209,10713,235,810
14888317,516,1155,4214,1100,4212,10718,208,812
14899275,517,1100,4210,1101,4280,10723,207,813
14910288,518,1129,4213,1099,4227,10760,226,814
14921243,519,1128,4263,1126,4224,10712,216,815
14932261,520,1144,4209,1100,4210,10784,208,816
14943199,521,1156,4251,1115,4227,10704,207,818
14954224,522,1130,4212,1098,4212,10792,207,819
14965180,523,1130,4257,1123,4209,10695,234,820
14976233,524,1101,4212,1100,4285,10762,264,821
14987209,525,1157,4215,1101,4213,10741,207,822
14998171,526,1128,4215,1100,4259,10727,207,824
15009168,527,1149,4212,1100,4213,10744,225,825
15020126,528,1102,4264,1120,4212,10715,215,826
15031131,529,1097,4207,1119,4209,10742,207,827
15042039,530,1130,4234,1098,4267,10675,207,828
15053073,531,1147,4220,1097,4214,10771,235,830
15064055,532,1101,4259,1097,4209,10721,235,831
15075026,533,1103,4214,1100,4211,10737,207,832
15085987,534,1099,4211,1100,4285,10728,207,833
15097006,535,1128,4210,1100,4227,10766,226,834
15107955,536,1127,4268,1099,4213,10707,215,836
15118940,537,1144,4222,1099,4210,10750,207,837
15129891,538,1131,4281,1125,4244,10717,207,838
15140947,539,1130,4216,1098,4213,10823,207,839
15151909,540,1130,4234,1098,4210,10699,234,840
15162856,541,1156,4214,1101,4213,10713,208,842
15173815,542,1099,4299,1116,4245,10724,208,843
15184880,543,1130,4213,1100,4214,10831,207,844
15195831,544,1127,4238,1126,4212,10699,225,845
15206812,545,1127,4208,1098,4211,10747,207,846
15217749,546,1128,4270,1115,4225,10703,207,848
15228763,547,1101,4211,1098,4294,10780,207,849
15239802,548,1146,4230,1097,4209,10775,236,850
15250787,549,1128,4262,1098,4207,10724,235,851
15261759,550,1161,4214,1100,4212,10738,208,852
15272722,551,1098,4282,1100,4240,10730,207,854
15283765,552,1129,4224,1100,4213,10791,207,855
15294715,553,1128,4246,1099,4211,10708,215,856
15305676,554,1104,4208,1098,4214,10727,207,857
15316578,555,1101,4232,1097,4267,10667,207,858
15327609,556,1145,4225,1098,4210,10768,236,860
15338590,557,1128,4265,1098,4207,10719,235,861
15349566,558,1103,4213,1101,4237,10742,207,862
15360553,559,1136,4232,1116,4225,10753,207,863
15371585,560,1100,4211,1100,4213,10797,208,864
15382522,561,1127,4251,1126,4213,10695,216,866
15393517,562,1147,4207,1098,4210,10760,207,867
15404457,563,1127,4254,1128,4210,10706,207,868
15415482,564,1129,4235,1097,4268,10790,207,869
15426517,565,1146,4228,1097,4209,10771,236,870
15437501,566,1129,4265,1106,4208,10723,234,872
15448485,567,1101,4214,1101,4223,10749,207,873
15459456,568,1129,4285,1116,4214,10736,208,874
15470493,569,1100,4211,1099,4213,10786,207,875
15481430,570,1132,4247,1099,4212,10694,216,876
15492398,571,1115,4206,1098,4212,10734,208,877
15503334,572,1131,4212,1097,4259,10702,207,879
15514338,573,1146,4230,1097,4209,10741,236,880
15525323,574,1128,4291,1098,4209,10723,234,881
15536382,575,1100,4227,1126,8,10768,207,882
15543136,576,1099,8,1129,9,6504,223,883
15547462,577,1101,4213,1100,4224,2317,202,883
15558375,578,1100,4274,1116,4210,10680,206,884
15569397,579,1127,4209,1099,4214,10770,207,885
15580332,580,1098,4242,1099,4218,10693,216,886
15591296,581,1151,4221,1098,4213,10730,208,887
15602256,582,1156,4252,1125,4250,10726,207,888
15613314,583,1130,4212,1098,4286,10824,207,890
15624344,584,1147,4213,1097,4209,10766,235,891
15635330,585,1129,4292,1098,4208,10725,234,892
15646332,586,1100,4216,1100,4265,10767,207,893
15657347,587,1128,4225,1116,4222,10724,208,894
15668332,588,1129,4210,1100,4212,10751,207,896
15679268,589,1128,4237,1126,4215,10693,215,897
15690250,590,1117,4211,1098,4211,10748,207,898
15701164,591,1155,4256,1125,4235,10680,208,899
15712213,592,1130,4211,1098,4294,10815,207,900
15723250,593,1147,4230,1101,4208,10776,235,902
15734241,594,1129,4291,1105,4209,10729,235,903
15745307,595,1100,4224,1126,4252,10775,264,904
15756285,596,1156,4212,1100,4212,10744,207,905
15767243,597,1128,4211,1100,4213,10724,207,906
15778188,598,1128,4217,1099,4213,10693,224,908
15789121,599,1144,4206,1098,4210,10698,207,909
15800057,600,1130,4264,1128,4249,10701,208,910
15811104,601,1100,4212,1099,4211,10813,208,911
15822059,602,1130,4270,1115,4207,10694,235,912
15833085,603,1100,4214,1126,4252,10764,234,914
15844082,604,1127,4211,1100,4213,10733,207,915
15855039,605,1129,4210,1100,4215,10722,207,916
15865986,606,1155,4233,1099,4214,10694,225,917
15876963,607,1127,4262,1131,4218,10743,207,918
15887993,608,1145,4206,1098,4227,10780,207,920
15898945,609,1156,4253,1125,4249,10717,207,921
15910005,610,1130,4212,1097,4286,10825,207,922
15921034,611,1147,4230,1097,4207,10766,235,923
15932019,612,1129,4286,1098,4211,10723,235,924
15943018,613,1100,4216,1126,4248,10764,208,926
15954042,614,1128,4217,1114,4217,10733,208,927
15965023,615,1129,4211,1100,4215,10747,207,928
15975969,616,1157,4209,1099,4212,10695,225,929
15986949,617,1128,4286,1127,4223,10746,207,930
15998005,618,1118,4207,1098,4212,10821,207,932
16008916,619,1130,4264,1124,4207,10676,208,933
16019945,620,1118,4221,1099,4208,10768,235,934
16030924,621,1101,4286,1097,4213,10717,235,935
16041955,622,1100,4216,1126,4253,10769,235,936
16052956,623,1157,4213,1100,4217,10738,207,938
16063920,624,1128,4209,1100,4211,10729,207,939
16074861,625,1156,4240,1099,4212,10690,224,940
16085845,626,1149,4262,1130,4226,10750,207,941
16096887,627,1148,4224,1098,4209,10808,207,942
16107844,628,1155,4241,1127,4228,10722,207,944
16118872,629,1139,4228,1097,4281,10793,208,945
16129922,630,1146,4212,1098,4208,10788,235,946
16140906,631,1100,4215,1098,4260,10723,234,947
16151886,632,1157,4215,1100,4237,10746,207,948
16162871,633,1128,4244,1099,4213,10751,207,950
16173876,634,1128,4213,1099,4213,10753,225,951
16184815,635,1098,4245,1100,4229,10696,216,952
16195793,636,1145,4208,1099,4211,10744,207,953
16206732,637,1157,4239,1127,4211,10705,207,954
16217769,638,1148,8,1098,9,10803,207,956
16222458,639,1118,4230,1100,4212,2323,203,956
16233410,640,1099,4211,1100,4216,10701,225,957
16244349,641,1129,4257,1126,4215,10696,216,958
16255353,642,1117,4206,1098,4210,10770,207,959
16266260,643,1151,4235,1127,4242,10673,207,960
16277292,644,1149,4224,1097,4263,10798,207,961
16288330,645,1146,4213,1118,4207,10775,236,963
16299318,646,1130,4220,1099,4260,10726,235,964
16310359,647,1099,4213,1101,4244,10750,207,965
16321292,648,1150,4235,1116,4213,10699,208,966
16332299,649,1129,4214,1100,4213,10773,207,967
16343239,650,1128,4218,1099,4218,10698,216,969
16354180,651,1144,4205,1097,4212,10706,207,970
16365115,652,1129,4258,1127,4241,10701,207,971
16376148,653,1105,4221,1098,4207,10799,207,972
16387111,654,1128,4292,1098,4208,10701,234,973
16398171,655,1101,4211,1126,4244,10768,235,975
16409130,656,1157,4214,1112,4221,10724,207,976
16420112,657,1128,4211,1100,4225,10748,207,977
16431070,658,1155,4226,1099,4212,10707,225,978
16442039,659,1127,4286,1100,4231,10735,207,979
16453075,660,1144,4213,1100,4210,10802,207,981
16464017,661,1126,4239,1127,4210,10707,208,982
16475053,662,1148,4224,1099,4263,10802,207,983
16486092,663,1128,8,1100,9,10777,236,984
16488628,664,1099,8,1099,8,2288,221,984
16492456,665,1115,4211,1099,4209,2287,203,984
16503366,666,1156,4247,1127,4244,10676,207,985
16514418,667,1130,4211,1097,4286,10818,207,986
16525447,668,1129,4212,1115,4208,10766,236,987
16536415,669,1131,4213,1099,4226,10706,235,988
16547360,670,1157,4213,1116,4226,10712,207,989
16558349,671,1100,4274,1099,4241,10754,207,991
16569388,672,1129,4210,1100,4218,10786,226,992
16580329,673,1127,4236,1104,4235,10699,216,993
16591307,674,1145,4207,1098,4211,10743,207,994
16602243,675,1157,4237,1127,4211,10702,207,995
16613278,676,1135,4217,1097,4285,10801,207,997
16624317,677,1131,4212,1115,4207,10776,235,998
16635276,678,1100,4215,1102,4237,10706,225,999
16646234,679,1127,4212,1116,4230,10695,207,1000
16657225,680,1128,4292,1101,4231,10757,208,1001
16668272,681,1129,4210,1101,4217,10794,226,1003
16679213,682,1127,4257,1126,4212,10698,216,1004
16690211,683,1099,4214,1098,4212,10764,208,1005
16701111,684,1156,4242,1125,4243,10665,208,1006
16712155,685,1134,4221,1098,4284,10809,207,1007
16723198,686,1100,4221,1114,4209,10780,236,1009
16734176,687,1131,4213,1104,4232,10716,235,1010
16745131,688,1156,4215,1110,4216,10721,208,1011
16756105,689,1098,4268,1099,4250,10738,207,1012
16767146,690,1130,4215,1100,4213,10788,226,1013
16778088,691,1098,4237,1100,4231,10699,216,1015
16789060,692,1143,4209,1099,4208,10738,208,1016
16799997,693,1127,4242,1123,4224,10703,208,1017
16811018,694,1112,4220,1098,4268,10785,208,1018
16822049,695,1131,4223,1102,4222,10769,236,1019
16833031,696,1128,4214,1104,4233,10719,235,1021
16843987,697,1156,4211,1116,4231,10721,208,1022
16854977,698,1128,4278,1099,4241,10756,208,1023
16866019,699,1128,4210,1100,4218,10788,227,1024
16876961,700,1127,4238,1106,4234,10699,216,1025
16887942,701,1147,4207,1099,4211,10746,208,1027
16898883,702,1149,4231,1127,4211,10707,208,1028
16909906,703,1134,4216,1097,4286,10787,208,1029
16920944,704,1100,4213,1115,4213,10775,237,1030
16931917,705,1131,4213,1099,4212,10711,235,1031
16942848,706,1157,4212,1116,4230,10696,208,1033
16953841,707,1129,4270,1100,4240,10759,208,1034
16964874,708,1127,4215,1098,4214,10780,226,1035
16975823,709,1098,4237,1117,4234,10698,224,1036
16986816,710,1144,4208,1099,4210,10729,208,1037
16997754,711,1145,4234,1127,4210,10704,208,1039
17008774,712,1116,4221,1099,4284,10785,208,1040
17019828,713,1129,4222,1114,4208,10791,236,1041
17030807,714,1101,4213,1098,4236,10717,235,1042
17041761,715,1127,4212,1116,4230,10719,208,1043
17052752,716,1127,4291,1099,4246,10755,207,1045
17063811,717,1128,4208,1100,4214,10806,227,1046
17074747,718,1127,4248,1126,4213,10693,217,1047
17085737,719,1118,4211,1098,4212,10755,208,1048
17096683,720,1127,4236,1125,4241,10712,208,1049
17107689,721,1117,4227,1097,4266,10771,208,1051
17118731,722,1129,4222,1098,4208,10779,236,1052
17129693,723,1100,4214,1123,4230,10699,236,1053
17140667,724,1156,4212,1116,4213,10739,208,1054
17151658,725,1127,4264,1100,4272,10757,208,1055
17162716,726,1129,4210,1100,4218,10804,227,1057
17173657,727,1127,4242,1128,4213,10698,216,1058
17184643,728,1115,4207,1099,4210,10752,208,1059
17195579,729,1147,4228,1127,4221,10702,208,1060
17206580,730,1145,4228,1098,4286,10765,208,1061
17217643,731,1100,4213,1115,4213,10800,236,1063
17228617,732,1101,4213,1099,4216,10712,234,1064
17239552,733,1156,4213,1116,4212,10701,208,1065
17250543,734,1130,4274,1099,4263,10757,208,1066
17261605,735,1129,4211,1100,4212,10809,227,1067
17272541,736,1128,4246,1126,4213,10693,216,1069
17283532,737,1144,4207,1097,4210,10756,208,1070
17294468,738,1142,4233,1127,4214,10702,208,1071
17305488,739,1116,4226,1098,4275,10785,208,1072
17316538,740,1131,4213,1099,4208,10786,236,1073
17327519,741,1101,4212,1107,4230,10692,263,1075
17338446,742,1157,4216,1116,4214,10691,207,1076
17349443,743,1130,4291,1099,4222,10762,207,1077
17360479,744,1127,8,1104,9,10783,227,1078
17362999,745,1145,8,1098,8,2290,204,1078
17367457,746,1128,4242,1100,4215,2302,221,1078
17378417,747,1116,4208,1098,4210,10726,207,1079
17389328,748,1131,4232,1127,4209,10676,208,1080
17400331,749,1146,4230,1098,4271,10769,208,1081
17411381,750,1129,4222,1114,4210,10786,236,1082
17422361,751,1100,4214,1098,4224,10718,235,1083
17433302,752,1156,4212,1116,4230,10706,208,1085
17444294,753,1128,4279,1100,4255,10756,208,1086
17455351,754,1128,4208,1100,4213,10804,227,1087
17466286,755,1098,4238,1127,4217,10692,216,1088
17477271,756,1149,4207,1098,4211,10750,207,1089
17488213,757,1127,4236,1125,4241,10707,208,1091
17499218,758,1145,4228,1097,4266,10770,208,1092
17510260,759,1131,4232,1114,4209,10779,236,1093
17521250,760,1128,4225,1099,4216,10727,236,1094
17532195,761,1155,4213,1116,4212,10710,208,1095
17543185,762,1130,4278,1099,4251,10756,208,1097
17554241,763,1099,4213,1100,4212,10802,226,1098
17565179,764,1098,4236,1113,4235,10696,216,1099
17576167,765,1145,4207,1100,4211,10724,208,1100
17587106,766,1145,4233,1127,4223,10703,207,1101
17598111,767,1116,4238,1099,4274,10770,207,1103
17609172,768,1130,4222,1115,4212,10799,236,1104
17620155,769,1099,4213,1098,4218,10720,235,1105
17631091,770,1157,4218,1116,4244,10701,208,1106
17642103,771,1128,4266,1100,4237,10777,208,1107
17653128,772,1099,4212,1099,4214,10772,226,1109
17664075,773,1099,4247,1127,4213,10696,223,1110
17675067,774,1143,4208,1098,4211,10728,208,1111
17686004,775,1129,4232,1127,4211,10703,208,1112
17697008,776,1145,4230,1098,4259,10770,208,1113
17708046,777,1100,4232,1102,4207,10776,236,1115
17719022,778,1100,4214,1099,4226,10713,236,1116
17729969,779,1156,4226,1116,4213,10711,208,1117
17740975,780,1100,4265,1101,4251,10755,208,1118
17752015,781,1128,4209,1100,4215,10787,226,1119
17762960,782,1099,4247,1127,4225,10692,208,1121
17773964,783,1145,4213,1098,4292,10770,208,1122
17784988,784,1128,4246,1098,4226,10789,208,1123
17795964,785,1129,4256,1099,4223,10740,208,1124
17806975,786,1129,4213,1097,4209,10749,235,1125
17817927,787,1100,4211,1099,4236,10690,234,1127
17828878,788,1157,4216,1116,4214,10717,208,1128
17839875,789,1098,4279,1100,4261,10745,208,1129
17850937,790,1128,4210,1100,4211,10809,226,1130
17861873,791,1128,4223,1127,4222,10692,216,1131
17872850,792,1145,4206,1098,4211,10743,208,1133
17883789,793,1129,4241,1125,4227,10703,207,1134
17894788,794,1147,4236,1099,4276,10764,207,1135
17905849,795,1130,4213,1097,4209,10798,236,1136
17916803,796,1100,4211,1106,4230,10691,235,1137
17927756,797,1128,4220,1116,4212,10718,208,1139
17938755,798,1098,4270,1100,4249,10748,208,1140
17949796,799,1129,4208,1100,4215,10788,226,1141
17960741,800,1098,4237,1116,4230,10694,207,1142
17971730,801,1097,4208,1099,4209,10753,208,1143
17982650,802,1155,4240,1127,4219,10686,208,1145
17993669,803,1145,4226,1098,4275,10783,208,1146
18004736,804,1101,4232,1098,4207,10804,236,1147
18015708,805,1101,4211,1097,4228,10709,236,1148
18026652,806,1157,4231,1116,4220,10710,208,1149
18037669,807,1099,4266,1100,4248,10782,208,1151
18048706,808,1128,4209,1099,4216,10783,226,1152
18059651,809,1099,4244,1127,4227,10694,208,1153
18070655,810,1144,4291,1100,4213,10769,208,1154
18081680,811,1129,4246,1098,4225,10790,207,1155
18092655,812,1148,4237,1125,4244,10741,208,1157
18103687,813,1145,4244,1098,4267,10797,208,1158
18114748,814,1100,4232,1115,4206,10798,236,1159
18125735,815,1130,4214,1099,4210,10726,235,1160
18136665,816,1156,4222,1116,4241,10694,207,1161
18147676,817,1129,4247,1100,4251,10777,208,1163
18158699,818,1128,4212,1099,4214,10771,226,1164
18169646,819,1099,4218,1117,4234,10695,224,1165
18180620,820,1127,4208,1098,4212,10710,208,1166
18191542,821,1123,4233,1127,4218,10687,208,1167
18202550,822,1146,4223,1099,4265,10772,208,1169
18213606,823,1129,4242,1114,4291,10793,236,1170
18224687,824,1099,4250,1101,4209,10818,236,1171
18235680,825,1130,4225,1099,4210,10731,236,1172
18246621,826,1158,4218,1116,4242,10706,208,1173
18257630,827,1152,4230,1100,4266,10775,208,1175
18268672,828,1130,4211,1100,4224,10789,226,1176
18279623,829,1157,4218,1098,4213,10707,216,1177
18290587,830,1114,4296,1137,4234,10729,207,1178
18301675,831,1144,4293,1144,4230,10854,208,1179
18312765,832,1150,4206,1099,4287,10855,208,1181
18323785,833,1138,4251,1099,4213,10786,208,1182
18334762,834,1156,4236,1127,4217,10743,208,1183
18345775,835,1130,4213,1114,4271,10778,208,1184
18356809,836,1129,4241,1102,4212,10771,236,1185
18367799,837,1130,4213,1098,4217,10727,236,1187
18378735,838,1129,4232,1116,4243,10701,208,1188
18389762,839,1156,4217,1100,4249,10792,208,1189
18400779,840,1129,4208,1104,4213,10764,226,1190
18411726,841,1125,4207,1127,4222,10697,224,1191
18422714,842,1145,4288,1144,4230,10724,208,1193
18433799,843,1130,4212,1099,4212,10849,207,1194
18444729,844,1099,4246,1121,4223,10696,208,1195
18455723,845,1145,4223,1098,4268,10759,207,1196
18466779,846,1101,4232,1114,4236,10793,237,1197
18477798,847,1100,4238,1130,4209,10756,237,1199
18488802,848,1104,4213,1098,4230,10748,230,1200
18499755,849,1165,4235,1116,4247,10688,207,1201
18510794,850,1151,4214,1100,4257,10804,207,1202
18521811,851,1128,4207,1104,4214,10764,226,1203
18532759,852,1128,4246,1100,4215,10697,224,1205
18543753,853,1144,4264,1098,4221,10731,208,1206
18554759,854,1109,4252,1099,4216,10772,208,1207
18565740,855,1156,4234,1123,4222,10747,208,1208
18576753,856,1129,4213,1115,4274,10778,208,1209
18587789,857,1129,4245,1097,4208,10773,237,1211
18598772,858,1101,4213,1098,4231,10722,235,1212
18609722,859,1162,4234,1116,4242,10716,208,1213
18620753,860,1155,4218,1100,4250,10795,208,1214
18631771,861,1130,4208,1104,4214,10766,226,1215
18642720,862,1125,4207,1127,4226,10698,224,1217
18653710,863,1143,4286,1145,4234,10725,207,1218
18664794,864,1097,4212,1099,4214,10849,208,1219
18675722,865,1129,4235,1125,4228,10694,208,1220
18686716,866,1146,4223,1102,4258,10758,208,1221
18697766,867,1129,4242,1114,4292,10788,235,1223
18708849,868,1129,4246,1101,4209,10821,236,1224
18719839,869,1130,4246,1099,4209,10726,236,1225
18730799,870,1100,4220,1138,4237,10725,208,1226
18741828,871,1175,4234,1117,4212,10795,208,1227
18752860,872,1151,4231,1100,4257,10780,208,1229
18763896,873,1128,4211,1101,4214,10783,226,1230
18774843,874,1098,4208,1139,4233,10695,224,1231
18785828,875,1144,4286,1100,4225,10721,207,1232
18796857,876,1146,4212,1100,4223,10795,208,1233
18807814,877,1143,4230,1127,4209,10722,208,1235
18818828,878,1130,4216,1115,4270,10778,208,1236
18829864,879,1100,4236,1097,4208,10773,236,1237
18840838,880,1131,9,1100,9,10713,235,1238
18843359,881,1145,8,1118,9,2289,204,1238
18847461,882,1099,4220,1100,4245,2322,232,1238
18858401,883,1102,4208,1099,4215,10706,207,1239
18869331,884,1146,4228,1127,4219,10695,208,1240
18880328,885,1129,4212,1098,4211,10763,208,1241
18891283,886,1101,4214,1099,4210,10692,235,1242
18902213,887,1156,4234,1116,4257,10694,208,1243
18913253,888,1119,4214,1101,4254,10805,208,1245
18924265,889,1128,4208,1104,4229,10759,227,1246
18935220,890,1157,4210,1100,4215,10712,216,1247
18946207,891,1145,4274,1100,4226,10751,208,1248
18957227,892,1130,4220,1099,4223,10785,208,1249
18968193,893,1136,4235,1127,4236,10732,208,1251
18979205,894,1100,4213,1115,4275,10777,208,1252
18990243,895,1129,4242,1096,4210,10775,237,1253
19001224,896,1130,4213,1098,4225,10720,235,1254
19012168,897,1167,4235,1116,4265,10708,207,1255
19023225,898,1131,4212,1099,4265,10823,208,1257
19034228,899,1128,4210,1099,4215,10749,226,1258
19045173,900,1126,4237,1099,4233,10694,208,1259
19056176,901,1144,4264,1113,4216,10767,207,1260
19067190,902,1127,4266,1099,4224,10780,208,1261
19078183,903,1143,4237,1127,4218,10758,208,1263
19089187,904,1101,9,1098,9,10770,208,1264
19092456,905,1099,9,1115,9,2286,222,1264
19097464,906,1099,8,1098,9,2273,204,1264
19102464,907,1098,9,1099,4219,2256,204,1264
19109205,908,1105,4214,1098,4240,6482,232,1264
19120167,909,1159,4235,1116,4213,10728,207,1265
19131184,910,1138,4230,1099,4265,10765,208,1266
19142211,911,1129,4213,1099,4215,10775,226,1267
19153161,912,1098,4207,1144,9,10697,208,1269
19159924,913,1133,9,1103,26,6530,206,1269
19162466,914,1114,9,1100,4217,2311,203,1269
19169207,915,1143,4261,1113,4216,6509,205,1269
19180216,916,1098,4262,1099,4227,10775,207,1270
19191207,917,1140,4231,1127,4224,10756,208,1271
19202206,918,1100,4221,1098,4208,10763,207,1272
19213167,919,1129,4215,1099,4212,10699,235,1274
19224100,920,1112,4234,1116,4249,10697,208,1275
19235145,921,1149,4212,1099,4265,10811,208,1276
19246165,922,1128,4210,1099,4228,10767,226,1277
19257123,923,1126,4209,1099,4220,10707,224,1278
19268111,924,1145,8,1119,8,10724,208,1280
19272458,925,1100,9,1135,9,2324,231,1280
19277458,926,1099,9,1104,9,2293,204,1280
19282463,927,1099,4213,1099,4214,2262,203,1280
19293364,928,1117,4272,1127,4245,10667,207,1281
19304403,929,1102,4209,1099,4219,10805,208,1282
19315338,930,1127,4236,1125,4209,10700,208,1283
19326339,931,1130,4255,1115,4248,10767,208,1284
19337393,932,1131,4248,1097,4208,10792,236,1285
19348380,933,1132,4231,1099,4210,10725,235,1287
19359329,934,1114,4235,1116,4252,10714,208,1288
19370379,935,1144,4213,1099,4265,10815,208,1289
19381395,936,1128,4215,1099,4228,10763,226,1290
19392357,937,1126,4214,1108,4235,10712,224,1291
19403345,938,1145,4265,1100,4213,10724,208,1293
19414345,939,1129,4259,1098,4228,10765,208,1294
19425335,940,1131,4233,1127,4208,10755,208,1295
19436340,941,1101,4222,1097,4269,10743,208,1296
19447364,942,1129,4220,1104,4255,10761,236,1297
19458377,943,1099,4214,1098,4221,10751,235,1299
19469316,944,1174,4230,1099,4233,10703,208,1300
19480346,945,1151,4230,1099,4215,10779,225,1301
19491335,946,1099,4209,1099,4212,10737,226,1302
19502262,947,1144,4245,1099,4212,10691,208,1303
19513239,948,1099,4207,1108,4209,10743,208,1305
19524170,949,1146,4213,1114,4243,10696,208,1306
19535192,950,1101,4253,1096,4208,10759,237,1307
19546184,951,1132,4214,1100,4223,10729,236,1308
19557129,952,1174,4236,1142,4243,10710,208,1309
19568201,953,1156,4215,1099,4236,10837,208,1311
19579204,954,1099,4287,1100,4212,10750,226,1312
19590225,955,1128,4212,1099,4212,10768,225,1313
19601153,956,1145,4248,1127,4226,10694,208,1314
19612175,957,1129,4243,1099,4224,10787,208,1315
19623146,958,1136,4232,1123,4223,10736,208,1317
19634136,959,1130,4244,1115,4267,10755,208,1318
19645197,960,1129,4248,1098,4211,10797,236,1319
19656187,961,1102,4214,1099,4214,10729,235,1320
19667121,962,1175,4230,1099,4215,10698,207,1321
19678135,963,1099,4265,1099,4229,10761,227,1323
19689153,964,1129,4210,1099,4215,10765,226,1324
19700084,965,1117,4266,1099,4228,10696,208,1325
19711071,966,1099,4255,1099,4223,10753,208,1326
19722052,967,1098,4228,1126,4223,10746,208,1327
19733034,968,1129,4242,1119,4259,10747,207,1329
19744089,969,1131,4254,1097,4208,10792,236,1330
19755084,970,1099,8,1100,8,10731,236,1331
19757602,971,1117,8,1108,8,2288,204,1331
19762456,972,1099,4215,1123,4223,2286,232,1331
19773392,973,1130,4242,1115,4267,10701,207,1332
19784451,974,1129,4248,1098,4208,10796,236,1333
19795439,975,1099,4213,1098,4210,10725,236,1334
19806366,976,1145,4231,1099,4270,10692,208,1335
19817418,977,1134,4213,1100,4230,10817,207,1336
19828387,978,1130,4207,1099,4214,10717,225,1338
19839314,979,1118,4266,1100,4213,10691,207,1339
19850287,980,1098,4209,1098,4218,10738,208,1340
19861217,981,1147,4256,1102,4218,10695,207,1341
19872244,982,1130,4248,1098,4213,10765,235,1342
19883237,983,1128,4213,1099,4214,10731,236,1344
19894168,984,1118,9,1100,8,10696,207,1345
19897459,985,1100,8,1099,4251,2333,204,1345
19904210,986,1139,4212,1099,4228,6518,205,1345
19915183,987,1130,4209,1099,4213,10721,225,1346
19926110,988,1114,4235,1099,4212,10693,208,1347
19937078,989,1100,4208,1098,4208,10732,208,1348
19947999,990,1130,4213,1115,4268,10687,208,1350
19959029,991,1131,4262,1097,4285,10767,208,1351
19970109,992,1100,4263,1097,4291,10816,236,1352
19981194,993,1100,4247,1098,4221,10821,236,1353
19992209,994,1129,4214,1099,4210,10753,235,1354
20003136,995,1118,4236,1100,4213,10692,208,1356
20014154,996,1147,4229,1100,4212,10765,226,1357
20025127,997,1129,4219,1099,4219,10730,217,1358
20036070,998,1144,4247,1127,4227,10708,208,1359
20047093,999,1128,4259,1098,4224,10789,208,1360
20058079,1000,1128,4230,1123,4227,10751,208,1362
20069065,1001,1128,4220,1098,4207,10750,209,1363
20080024,1002,1131,4239,1099,4208,10696,236,1364
20090978,1003,1101,4231,1142,4250,10719,208,1365
20102036,1004,1156,4248,1100,4261,10823,209,1366
20113094,1005,1135,4213,1100,4228,10823,209,1368
20124064,1006,1129,4213,1100,4214,10716,227,1369
20134997,1007,1117,4252,1100,4213,10698,209,1370
20145956,1008,1129,4208,1098,4209,10724,208,1371
20156879,1009,1129,4213,1115,9,10687,209,1372
20163677,1010,1100,8,1100,9,6508,206,1373
20167455,1011,1100,4217,1100,4212,2259,204,1373
20178360,1012,1097,4260,1113,4213,10670,208,1374
20189321,1013,1127,4209,1100,4210,10726,208,1375
20200244,1014,1129,4216,1116,4267,10687,208,1376
20211277,1015,1129,4268,1097,4286,10769,236,1377
20222364,1016,1129,4265,1099,4292,10824,237,1378
20233454,1017,1129,4264,1106,4209,10825,236,1380
20244469,1018,1128,4213,1099,4214,10752,237,1381
20255401,1019,1174,4229,1099,4213,10696,208,1382
20266413,1020,1138,4229,1100,4213,10758,227,1383
20277379,1021,1128,4212,1099,4219,10722,217,1384
20288315,1022,1145,4257,1127,4213,10700,208,1386
20299332,1023,1127,4247,1100,4275,10782,209,1387
20310360,1024,1128,4210,1099,4209,10791,208,1388
20321283,1025,1101,4232,1097,4263,10688,209,1389
20332311,1026,1129,4218,1098,4260,10764,236,1390
20343321,1027,1099,4214,1098,4211,10748,236,1392
20354250,1028,1157,4212,1100,4249,10693,209,1393
20365264,1029,1128,4266,1100,4226,10759,226,1394
20376279,1030,1130,4214,1099,4211,10762,225,1395
20387211,1031,1118,4228,1100,4228,10697,209,1396
20398191,1032,1129,4260,1098,4227,10745,208,1398
20409183,1033,1129,4209,1127,4219,10756,208,1399
20420145,1034,1130,4239,1097,4286,10726,208,1400
20431203,1035,1129,4264,1102,4287,10793,236,1401
20442291,1036,1130,4216,1099,4260,10825,236,1402
20453301,1037,1134,4214,1099,4214,10746,237,1404
20464239,1038,1174,4236,1143,4230,10703,208,1405
20475300,1039,1158,4213,1100,4245,10825,208,1406
20486310,1040,1129,4261,1098,4227,10756,226,1407
20497311,1041,1099,4218,1100,4213,10758,217,1408
20508248,1042,1143,4257,1127,4212,10702,209,1410
20519264,1043,1128,4241,1099,4266,10781,209,1411
20530276,1044,1128,4209,1119,4207,10776,209,1412
20541216,1045,1131,4232,1097,4268,10705,208,1413
20552251,1046,1129,4212,1099,4260,10770,237,1414
20563257,1047,1134,4239,1098,4208,10744,236,1416
20574216,1048,1110,4236,1142,4239,10724,208,1417
20585277,1049,1156,4212,1100,4247,10826,209,1418
20596288,1050,1129,4253,1099,4227,10758,227,1419
20607282,1051,1099,4224,1099,4213,10751,217,1420
20618224,1052,1144,4235,1100,4213,10705,208,1422
20629191,1053,1129,4208,1099,4211,10732,208,1423
20640115,1054,1130,4264,1125,4242,10687,208,1424
20651171,1055,1130,4243,1096,4264,10821,208,1425
20662210,1056,1130,4215,1098,4207,10776,237,1426
20673157,1057,1100,4213,1137,4237,10693,227,1428
20684152,1058,1158,4212,1100,4254,10759,208,1429
20695172,1059,1128,4266,1099,4227,10765,227,1430
20706178,1060,1129,4226,1101,4213,10763,217,1431
20717124,1061,1144,4254,1127,4212,10710,209,1432
20728138,1062,1100,4250,1100,4265,10779,209,1434
20739159,1063,1129,4209,1118,4210,10785,209,1435
20750102,1064,1130,4232,1098,4259,10708,209,1436
20761127,1065,1130,4213,1099,4260,10760,237,1437
20772135,1066,1129,4241,1098,4209,10745,237,1438
20783090,1067,1174,4236,1142,4233,10719,208,1440
20794154,1068,1157,4212,1100,4253,10828,209,1441
20805172,1069,1128,4252,1099,4234,10765,227,1442
20816172,1070,1130,4209,1100,4229,10756,217,1443
20827119,1071,1143,4250,1127,4215,10711,209,1444
20838133,1072,1099,9,1115,9,10779,209,1446
20842458,1073,1100,9,1125,9,2302,261,1446
20847458,1074,1109,8,1100,8,2284,204,1446
20852458,1075,1125,4237,1117,4246,2267,231,1446
20863460,1076,1145,4237,1127,4216,10768,208,1447
20874462,1077,1127,4260,1098,4288,10766,209,1448
20885513,1078,1137,4210,1098,4220,10815,208,1449
20896455,1079,1130,4264,1098,4208,10707,209,1450
20907478,1080,1129,4212,1098,4289,10761,236,1452
20918512,1081,1129,4237,1099,4210,10770,237,1453
20929517,1082,1099,4220,1130,4238,10716,233,1454
20940481,1083,1157,4212,1100,4255,10729,209,1455
20951502,1084,1128,4230,1099,4225,10767,227,1456
20962498,1085,1128,4220,1100,4226,10751,216,1458
20973448,1086,1145,4247,1127,4216,10715,208,1459
20984460,1087,1099,4260,1099,4262,10776,209,1460
20995485,1088,1129,4208,1118,4209,10790,208,1461
21006426,1089,1129,4243,1098,4245,10705,209,1462
21017447,1090,1130,4211,1098,4219,10758,237,1463
21028407,1091,1099,4212,1115,4234,10698,235,1465
21039375,1092,1157,4212,1100,4265,10703,209,1466
21050406,1093,1146,4229,1099,4213,10777,227,1467
21061380,1094,1128,4213,1100,4233,10731,217,1468
21072332,1095,1145,4237,1127,4212,10716,208,1469
21083331,1096,1129,4261,1098,4284,10763,209,1471
21094380,1097,1136,4214,1099,4214,10813,208,1472
21105321,1098,1129,4273,1097,4217,10706,209,1473
21116362,1099,1129,9,1115,9,10778,208,1474
21118904,1100,1129,9,1120,8,2302,213,1474
21122462,1101,1101,4258,1097,4268,2309,204,1474
21133491,1102,1131,4219,1099,4212,10766,236,1475
21144455,1103,1100,4212,1115,4235,10701,236,1476
21155423,1104,1100,4212,1101,4250,10733,209,1477
21166438,1105,1128,4244,1100,4213,10761,226,1478
21177409,1106,1128,4211,1113,4235,10728,217,1479
21188374,1107,1147,4228,1100,4228,10729,209,1481
21199354,1108,1099,4209,1099,4213,10745,208,1482
21210282,1109,1155,4246,1122,4221,10692,209,1483
21221306,1110,1131,4284,1115,4220,10788,208,1484
21232361,1111,1130,4213,1098,4212,10791,237,1485
21243318,1112,1129,4213,1115,4229,10695,236,1487
21254282,1113,1156,4212,1101,4281,10729,208,1488
21265328,1114,1139,4216,1099,4228,10791,227,1489
21276297,1115,1129,4219,1100,4229,10725,217,1490
21287252,1116,1145,4228,1127,4213,10719,208,1491
21298241,1117,1128,4288,1125,4221,10754,209,1493
21309281,1118,1098,4208,1109,4209,10804,208,1494
21320212,1119,1130,4226,1098,4261,10695,209,1495
21331233,1120,1131,4211,1098,4210,10757,237,1496
21342188,1121,1129,4212,1115,4236,10692,235,1497
21353158,1122,1156,4212,1100,4260,10734,209,1499
21364183,1123,1150,4213,1100,4227,10771,227,1500
21375158,1124,1128,4217,1104,4234,10731,217,1501
21386119,1125,1144,4229,1127,4213,10726,209,1502
21397108,1126,1099,4208,1099,4210,10754,208,1503
21408031,1127,1156,4255,1126,4236,10687,209,1505
21419081,1128,1130,4241,1098,4252,10814,208,1506
21430107,1129,1128,4212,1098,4219,10762,238,1507
21441068,1130,1100,4218,1115,4248,10699,235,1508
21452057,1131,1156,4212,1100,4255,10724,209,1509
21463077,1132,1142,4229,1100,4212,10767,227,1511
21474046,1133,1100,8,1098,8,10725,217,1512
21477463,1134,1100,9,1100,4212,2313,205,1512
21484168,1135,1099,4208,1100,4233,6462,214,1512
21495113,1136,1149,4229,1127,4213,10711,208,1513
21506108,1137,1099,4260,1099,4284,10760,209,1514
21517156,1138,1137,4221,1098,4210,10812,209,1515
21528099,1139,1127,4243,1126,8,10707,208,1517
21534952,1140,1100,9,1100,8,6592,234,1517
21537471,1141,1126,8,1108,4208,2288,204,1517
21544198,1142,1130,4248,1097,4257,6494,206,1517
21555232,1143,1101,4218,1099,4209,10772,236,1518
21566181,1144,1100,4224,1126,4241,10698,224,1519
21577178,1145,1156,4213,1100,4288,10761,208,1520
21588232,1146,1133,4212,1100,4228,10799,226,1522
21599191,1147,1100,4213,1100,4228,10716,217,1523
21610138,1148,1145,4216,1099,4213,10711,209,1524
21621089,1149,1129,4209,1098,4209,10714,208,1525
21632011,1150,1130,4269,1142,4231,10686,208,1526
21643061,1151,1130,4282,1116,4218,10815,208,1528
21654112,1152,1131,4211,1098,4215,10788,237,1529
21665071,1153,1129,4212,1116,4234,10696,236,1530
21676038,1154,1128,4214,1100,4255,10731,208,1531
21687060,1155,1155,4212,1100,8,10768,227,1532
21693812,1156,1147,9,1118,8,6519,207,1533
21697459,1157,1105,4240,1100,4210,2325,232,1533
21708446,1158,1110,4236,1115,4248,10695,235,1534
21719433,1159,1157,4216,1099,4263,10750,208,1535
21730461,1160,1152,4212,1100,4228,10775,227,1536
21741439,1161,1099,4216,1106,4235,10733,217,1537
21752401,1162,1145,4227,1127,4213,10727,208,1538
21763389,1163,1130,4260,1099,4261,10753,208,1540
21774416,1164,1129,4213,1099,4210,10790,208,1541
21785344,1165,1100,4259,1097,4253,10693,209,1542
21796387,1166,1100,4213,1098,4319,10781,236,1543
21807452,1167,1129,4219,1099,4208,10802,236,1544
21818412,1168,1100,4214,1115,4242,10695,237,1546
21829390,1169,1157,4214,1100,4277,10743,209,1547
21840434,1170,1134,4212,1099,4211,10789,227,1548
21851377,1171,1099,4210,1117,4230,10700,217,1549
21862340,1172,1131,4237,1099,4228,10698,208,1550
21873314,1173,1128,4208,1097,4209,10739,209,1552
21884236,1174,1130,4261,1142,4231,10687,209,1553
21895278,1175,1129,4287,1097,4241,10807,208,1554
21906337,1176,1131,4212,1098,4212,10796,237,1555
21917295,1177,1130,4213,1115,4241,10695,235,1556
21928270,1178,1156,4213,1099,4265,10740,209,1558
21939298,1179,1148,4211,1100,4228,10774,227,1559
21950272,1180,1128,4214,1111,4235,10730,217,1560
21961239,1181,1144,4229,1127,4213,10732,208,1561
21972228,1182,1130,4211,1098,4209,10753,209,1562
21983155,1183,1141,4233,1126,4235,10691,209,1564
21994184,1184,1130,4248,1097,4251,10794,208,1565
22005215,1185,1129,4213,1099,4211,10767,237,1566
22016170,1186,1100,4220,1116,4212,10693,235,1567
22027141,1187,1127,4212,1099,4213,10718,208,1568
22038117,1188,1129,4264,1099,4230,10722,226,1570
22049125,1189,1100,4208,1100,4248,10764,217,1571
22060086,1190,1127,4261,1127,4213,10696,208,1572
22071091,1191,1098,4208,1099,4208,10768,208,1573
22082012,1192,1139,4230,1143,4235,10686,209,1574
22093037,1193,1130,4251,1101,4256,10790,208,1576
22104081,1194,1099,4213,1099,4209,10782,236,1577
22115035,1195,1130,4216,1116,4232,10691,237,1578
22126008,1196,1157,4215,1100,4260,10737,208,1579
22137036,1197,1129,4225,1100,4212,10774,227,1580
22147987,1198,1099,4218,1117,4236,10708,217,1582
22158964,1199,1099,4238,1126,4212,10712,209,1583
22169947,1200,1128,4208,1100,4207,10747,209,1584
22180868,1201,1116,4237,1142,4234,10686,208,1585
22191902,1202,1129,4265,1102,4259,10799,209,1586
22202963,1203,1131,4213,1098,4210,10797,237,1588
22213919,1204,1130,4229,1115,4223,10692,235,1589
22224894,1205,1100,4212,1100,4274,10740,208,1590
22235933,1206,1130,4226,1099,4213,10785,227,1591
22246887,1207,1128,4207,1111,4234,10710,217,1592
22257847,1208,1170,4206,1127,4212,10724,209,1594
22268840,1209,1128,4306,1100,4228,10758,209,1595
22279879,1210,1101,4223,1099,4208,10803,208,1596
22290817,1211,1156,4237,1142,4236,10703,209,1597
22301865,1212,1130,4256,1097,4256,10813,208,1598
22312909,1213,1128,4211,1098,4208,10781,236,1600
22323861,1214,1129,4222,1116,4216,10689,237,1601
22334838,1215,1100,4212,1099,4264,10742,209,1602
22345866,1216,1129,4225,1100,4213,10775,227,1603
22356820,1217,1099,4214,1099,4247,10709,216,1604
22367787,1218,1128,4241,1127,4213,10732,209,1606
22378773,1219,1129,4211,1099,4210,10751,208,1607
22389699,1220,1131,4237,1142,4232,10690,209,1608
22400719,1221,1128,4265,1102,4258,10784,208,1609
22411778,1222,1131,4213,1098,4210,10796,209,1610
22422734,1223,1100,4230,1115,4227,10693,235,1612
22433715,1224,1129,4215,1100,4284,10746,208,1613
22444767,1225,1156,4212,1101,4213,10798,227,1614
22455735,1226,1100,4209,1100,4230,10724,217,1615
22466680,1227,1174,4211,1099,4212,10710,209,1616
22477682,1228,1128,4299,1127,4212,10766,208,1618
22488727,1229,1128,4210,1099,4212,10810,208,1619
22499654,1230,1153,4230,1142,4235,10691,208,1620
22510692,1231,1128,4265,1099,4251,10803,209,1621
22521739,1232,1128,4212,1098,4206,10785,236,1622
22532689,1233,1129,4226,1116,4211,10687,236,1624
22543666,1234,1100,4212,1099,4213,10724,208,1625
22554643,1235,1128,4275,1099,4214,10723,226,1626
22565651,1236,1099,4209,1100,4248,10757,225,1627
22576613,1237,1132,4242,1127,4213,10696,208,1628
22587603,1238,1127,4210,1099,4212,10755,208,1630
22598528,1239,1129,4236,1141,4223,10689,208,1631
22609535,1240,1100,4245,1097,4265,10771,209,1632
22620594,1241,1129,4214,1098,4211,10797,208,1633
22631549,1242,1130,4217,1116,4212,10692,236,1634
22642518,1243,1100,4212,1099,4213,10716,208,1636
22653495,1244,1100,4265,1099,4214,10723,226,1637
22664496,1245,1099,4210,1100,4213,10749,208,1638
22675423,1246,1128,4262,1127,4213,10692,209,1639
22686447,1247,1128,4210,1099,4215,10789,208,1640
22697376,1248,1146,4230,1122,4219,10693,209,1641
22708372,1249,1100,4211,1097,4208,10759,208,1643
22719323,1250,1129,4211,1116,4226,10689,236,1644
22730284,1251,1100,4213,1100,4274,10725,208,1645
22741325,1252,1129,4225,1099,4213,10787,227,1646
22752278,1253,1128,4208,1116,4235,10709,217,1647
22763241,1254,1174,4218,1099,4212,10728,209,1649
22774224,1255,1128,4208,1099,4210,10747,209,1650
22785145,1256,1100,4232,1130,4225,10686,209,1651
22796140,1257,1129,4238,1098,4283,10759,209,1652
22807193,1258,1099,4213,1098,4211,10790,237,1653
22818149,1259,1130,4225,1114,4210,10693,235,1655
22829125,1260,1156,4212,1099,4273,10723,209,1656
22840162,1261,1100,4212,1099,4222,10783,227,1657
22851111,1262,1100,4213,1117,4233,10706,217,1658
22862081,1263,1127,4216,1127,4212,10734,209,1659
22873042,1264,1127,4209,1099,4208,10726,209,1661
22883963,1265,1157,4235,1141,4209,10686,209,1662
22894983,1266,1129,4211,1099,4208,10785,209,1663
22905935,1267,1100,4212,1116,4226,10688,235,1664
22916894,1268,1100,4214,1101,4274,10724,208,1665
22927935,1269,1157,4212,1099,4212,10731,227,1667
22938902,1270,1128,4208,1100,4231,10722,217,1668
22949847,1271,1171,4213,1099,4212,10710,209,1669
22960822,1272,1099,4207,1098,4281,10740,208,1670
22971814,1273,1108,4213,1098,4209,10757,209,1671
22982751,1274,1128,4306,1143,4231,10702,209,1673
22993837,1275,1129,4264,1103,4237,10851,208,1674
23004874,1276,1130,4213,1099,4209,10775,235,1675
23015831,1277,1130,4227,1115,4210,10692,236,1676
23026809,1278,1156,4212,1100,4241,10726,209,1677
23037814,1279,1138,4223,1099,4214,10752,227,1679
23048783,1280,1098,4209,1100,4213,10716,225,1680
23059709,1281,1128,4246,1127,4213,10691,208,1681
23070716,1282,1128,4209,1099,4207,10771,208,1682
23081638,1283,1141,4253,1132,4223,10686,209,1683
23092664,1284,1129,4239,1098,4287,10791,209,1685
23103722,1285,1100,4213,1098,4211,10795,208,1686
23114677,1286,1129,4228,1116,4212,10693,235,1687
23125655,1287,1100,4212,1099,4283,10743,209,1688
23136702,1288,1156,4212,1100,4212,10794,227,1689
23147668,1289,1129,4213,1100,4233,10721,217,1691
23158620,1290,1172,4209,1100,4213,10717,208,1692
23169591,1291,1129,4207,1098,4210,10735,208,1693
23180513,1292,1127,4244,1122,4223,10686,208,1694
23191507,1293,1130,4238,1097,4291,10758,208,1695
23202569,1294,1129,4212,1097,4210,10797,237,1697
23213522,1295,1130,4230,1116,4209,10691,236,1698
23224502,1296,1156,4212,1099,4291,10744,208,1699
23235556,1297,1156,4213,1100,4212,10801,227,1700
23246523,1298,1100,4282,1100,4215,10722,217,1701
23257525,1299,1128,4217,1100,4212,10767,208,1703
23268476,1300,1127,4237,1127,4213,10698,208,1704
23279473,1301,1128,4207,1099,4209,10762,208,1705
23290394,1302,1115,4230,1127,4209,10685,209,1706
23301410,1303,1131,4212,1098,4298,10781,209,1707
23312455,1304,1131,4218,1099,4208,10782,237,1709
23323416,1305,1117,4234,1115,4210,10697,236,1710
23334418,1306,1100,4212,1100,4220,10750,209,1711
23345401,1307,1147,4244,1100,4230,10730,226,1712
23356406,1308,1100,4208,1099,4213,10761,217,1713
23367334,1309,1129,4241,1126,4213,10691,208,1714
23378336,1310,1129,4211,1098,4208,10767,208,1716
23389261,1311,1132,4260,1124,4227,10689,208,1717
23400282,1312,1131,4238,1098,4285,10786,209,1718
23411340,1313,1130,9,1119,9,10795,237,1719
23413879,1314,1129,9,1117,9,2307,205,1719
23417459,1315,1099,4213,1099,4209,2304,204,1719
23428383,1316,1130,4244,1116,4220,10663,235,1720
23439398,1317,1100,4212,1100,4291,10753,209,1721
23450427,1318,1156,4212,1101,4213,10775,227,1722
23461395,1319,1129,4295,1100,4218,10723,217,1723
23472412,1320,1128,4222,1100,4212,10782,209,1724
23483368,1321,1128,4255,1099,4212,10704,209,1726
23494339,1322,1129,4208,1098,4212,10736,208,1727
23505266,1323,1128,4273,1098,4226,10691,209,1728
23516297,1324,1129,4211,1098,4211,10768,209,1729
23527251,1325,1114,4235,1115,4210,10691,236,1730
23538250,1326,1100,4212,1100,4215,10746,208,1732
23549229,1327,1129,4268,1099,4227,10669,226,1733
23560246,1328,1099,4208,1099,4213,10765,225,1734
23571173,1329,1129,4257,1100,4229,10691,208,1735
23582165,1330,1099,4208,1097,4213,10755,208,1736
23593090,1331,1131,4290,1122,4225,10690,209,1738
23604135,1332,1130,4213,1099,4209,10810,208,1739
23615091,1333,1130,4225,1116,4211,10692,235,1740
23626065,1334,1100,4219,1099,4215,10722,209,1741
23637050,1335,1151,4246,1099,4226,10732,226,1742
23648067,1336,1099,4208,1100,4213,10765,225,1744
23658994,1337,1128,4235,1126,4212,10691,209,1745
23669992,1338,1127,4208,1099,4208,10762,209,1746
23680913,1339,1148,4251,1124,4235,10685,208,1747
23691948,1340,1101,4213,1099,4294,10800,208,1748
23702990,1341,1128,4221,1100,4212,10777,238,1750
23713956,1342,1129,4247,1099,4224,10703,236,1751
23724951,1343,1156,4212,1099,4211,10741,227,1752
23735916,1344,1127,4267,1099,4242,10720,217,1753
23746929,1345,1144,4210,1100,4213,10778,209,1754
23757874,1346,1127,4285,1099,4217,10709,208,1756
23768881,1347,1127,4209,1098,4213,10771,208,1757
23779805,1348,1130,4282,1098,4216,10688,208,1758
23790836,1349,1129,4212,1098,4213,10769,236,1759
23801795,1350,1148,4241,1116,4210,10695,237,1760
23812803,1351,1100,4212,1100,4214,10755,208,1762
23823781,1352,1146,4245,1099,4211,10667,225,1763
23834762,1353,1128,4209,1099,4212,10745,208,1764
23845705,1354,1127,4282,1127,4212,10708,208,1765
23856730,1355,1099,4214,1099,4208,10790,209,1766
23867657,1356,1118,4265,1122,4228,10692,208,1768
23878697,1357,1129,4240,1098,4296,10805,209,1769
23889765,1358,1131,4213,1098,4214,10805,237,1770
23900724,1359,1147,4233,1099,4211,10696,236,1771
23911709,1360,1100,4212,1101,4219,10730,227,1772
23922683,1361,1100,4277,1099,4224,10731,217,1774
23933690,1362,1128,4208,1100,4212,10771,208,1775
23944633,1363,1099,4253,1098,4229,10691,209,1776
23955618,1364,1129,4223,1099,4207,10750,208,1777
23966555,1365,1127,4250,1127,4222,10701,209,1778
23977587,1366,1100,4213,1099,4213,10797,208,1780
23988546,1367,1131,4235,1116,4210,10696,235,1781
23999588,1368,1100,4229,1125,4247,10732,208,1782
24010585,1369,1157,4212,1099,4228,10743,227,1783
24021568,1370,1128,4263,1099,4227,10738,216,1784
24032563,1371,1145,4222,1100,4216,10760,209,1786
24043523,1372,1128,4271,1127,4213,10724,208,1787
24054538,1373,1129,4208,1099,4210,10779,208,1788
24065460,1374,1146,4233,1127,4207,10686,208,1789
24076478,1375,1100,4213,1098,4215,10754,208,1790
24087439,1376,1129,4253,1116,4225,10697,237,1791
24098467,1377,1100,4214,1123,4253,10765,236,1793
24109483,1378,1156,4212,1099,4212,10762,227,1794
24120449,1379,1100,4308,1099,4212,10722,217,1795
24131474,1380,1127,4209,1100,4213,10790,208,1796
24142417,1381,1128,4271,1127,4213,10707,209,1797
24153434,1382,1128,4207,1098,4209,10781,209,1799
24164354,1383,1155,4254,1125,4237,10684,209,1800
24175403,1384,1130,4212,1099,4296,10814,208,1801
24186445,1385,1129,4220,1098,4207,10778,237,1802
24197397,1386,1099,4212,1108,4264,10698,228,1803
24208407,1387,1157,4212,1099,4229,10726,227,1805
24219389,1388,1100,4259,1100,4214,10738,217,1806
24230367,1389,1126,4207,1100,4226,10743,209,1807
24241304,1390,1128,4296,1127,4213,10701,209,1808
24252345,1391,1128,4210,1099,4212,10806,209,1809
24263271,1392,1126,4247,1123,4225,10690,208,1811
24274299,1393,1100,4214,1099,4209,10792,209,1812
24285253,1394,1102,4235,1116,4209,10692,235,1813
24296266,1395,1100,4212,1099,4291,10733,208,1814
24307293,1396,1157,4212,1100,4213,10744,227,1815
24318261,1397,1128,4277,1100,4232,10724,217,1817
24329276,1398,1144,4222,1100,4213,10779,209,1818
24340231,1399,1129,4267,1127,4212,10720,209,1819
24351244,1400,1127,4209,1099,4213,10777,209,1820
24362169,1401,1128,4233,1127,4222,10690,209,1821
24373185,1402,1129,4211,1099,4209,10780,209,1823
24384137,1403,1143,4260,1116,4221,10689,235,1824
24395184,1404,1100,9,1100,8,10783,236,1825
24397703,1405,1099,9,1126,9,2288,205,1825
24402461,1406,1101,4212,1099,4212,2313,231,1825
24413389,1407,1146,4229,1099,4208,10666,235,1826
24424368,1408,1100,4212,1099,4213,10726,227,1827
24435335,1409,1130,4264,1100,4225,10723,217,1828
24446331,1410,1146,4221,1099,4213,10760,208,1829
24457287,1411,1129,4277,1127,4215,10721,208,1830
24468312,1412,1100,4207,1098,4210,10789,209,1832
24479235,1413,1152,4233,1127,4205,10688,208,1833
24490257,1414,1129,4227,1098,4295,10759,209,1834
24501312,1415,1129,4213,1099,4210,10791,237,1835
24512268,1416,1130,4213,1106,4263,10694,236,1836
24523275,1417,1157,4212,1099,4235,10753,227,1838
24534274,1418,1152,4211,1100,4225,10746,225,1839
24545238,1419,1137,4207,1099,4224,10728,208,1840
24556184,1420,1128,4278,1127,4211,10711,209,1841
24567206,1421,1128,4208,1100,4209,10787,208,1842
24578127,1422,1126,4270,1124,4226,10686,209,1844
24589181,1423,1100,4213,1098,4292,10818,208,1845
24600219,1424,1099,4217,1098,4208,10774,237,1846
24611167,1425,1100,4214,1105,4252,10696,226,1847
24622163,1426,1100,4212,1100,4212,10741,226,1848
24633129,1427,1128,4290,1099,4214,10723,217,1850
24644138,1428,1127,4225,1099,4212,10773,209,1851
24655080,1429,1129,4290,1126,4212,10706,208,1852
24666115,1430,1098,4210,1098,4212,10800,209,1853
24677041,1431,1103,4251,1125,4231,10691,208,1854
24688058,1432,1129,4211,1099,4293,10781,209,1856
24699097,1433,1128,4222,1107,4209,10774,237,1857
24710069,1434,1129,4212,1113,4232,10710,236,1858
24721052,1435,1156,4213,1100,4229,10729,227,1859
24732035,1436,1129,4255,1100,4231,10740,217,1860
24743028,1437,1118,9,1098,8,10756,208,1862
24747460,1438,1118,4258,1117,4225,2302,205,1862
24758476,1439,1129,4215,1103,4260,10760,230,1863
24769479,1440,1100,4212,1100,4234,10748,227,1864
24780467,1441,1129,4259,1100,4213,10745,217,1865
24791445,1442,1127,4208,1099,4222,10742,208,1866
24802381,1443,1127,4290,1127,4213,10700,209,1867
24813415,1444,1128,4210,1100,4207,10799,209,1869
24824338,1445,1156,4245,1122,4221,10688,208,1870
24835360,1446,1130,4215,1099,4209,10787,208,1871
24846317,1447,1139,4261,1116,4221,10693,236,1872
24857359,1448,1100,4212,1118,4239,10779,237,1873
24868353,1449,1156,4212,1100,4226,10740,227,1875
24879333,1450,1100,4264,1100,4229,10735,217,1876
24890332,1451,1117,4209,1099,4213,10764,209,1877
24901249,1452,1128,4271,1113,4211,10682,209,1878
24912250,1453,1145,4220,1099,4215,10766,209,1879
24923208,1454,1126,4250,1125,4214,10722,209,1881
24934230,1455,1101,4213,1099,4207,10787,209,1882
24945184,1456,1147,4258,1129,4222,10691,235,1883
24956245,1457,1130,4212,1104,4253,10799,236,1884
24967241,1458,1100,4212,1099,4240,10743,227,1885
24978236,1459,1155,4215,1099,4227,10750,217,1887
24989210,1460,1127,4226,1099,4212,10739,209,1888
25000153,1461,1128,4266,1126,4221,10708,208,1889
25011173,1462,1129,4208,1099,4210,10785,208,1890
25022097,1463,1151,4252,1125,4234,10688,209,1891
25033137,1464,1129,4211,1097,4270,10803,208,1893
25044151,1465,1129,4214,1115,4229,10750,237,1894
25055136,1466,1129,4212,1111,4259,10730,228,1895
25066143,1467,1157,4212,1100,4213,10753,227,1896
25077111,1468,1099,4286,1099,4212,10724,217,1897
25088114,1469,1115,4213,1100,4213,10768,209,1899
25099061,1470,1128,4287,1127,4215,10712,208,1900
25110096,1471,1128,4210,1099,4207,10799,209,1901
25121019,1472,1116,4262,1124,4228,10688,209,1902
25132055,1473,1130,4239,1098,4266,10801,209,1903
25143095,1474,1129,4218,1099,4214,10776,238,1905
25154061,1475,1100,4214,1118,4240,10702,237,1906
25165057,1476,1100,4212,1100,4226,10743,227,1907
25176038,1477,1129,4260,1100,4212,10737,216,1908
25187015,1478,1144,4209,1100,4213,10742,209,1909
25197958,1479,1128,4268,1100,4211,10707,208,1911
25208942,1480,1145,4234,1099,4209,10748,208,1912
25219908,1481,1129,4283,1121,4225,10730,209,1913
25230944,1482,1129,4213,1099,4209,10801,208,1914
25241899,1483,1117,4262,1116,4209,10693,235,1915
25252956,1484,1129,4212,1116,4249,10793,237,1917
25263958,1485,1156,4213,1100,4215,10749,227,1918
25274926,1486,1100,4264,1100,4226,10725,217,1919
25285924,1487,1115,4220,1100,4213,10733,209,1920
25296878,1488,1129,4268,1127,4224,10719,208,1921
25307903,1489,1129,4208,1098,4209,10789,209,1923
25318827,1490,1153,4254,1125,4235,10687,208,1924
25329870,1491,1130,4215,1098,4286,10808,208,1925
25340903,1492,1130,4213,1101,4219,10770,237,1926
25351870,1493,1100,4214,1099,4255,10703,236,1927
25362862,1494,1156,4212,1099,4232,10739,227,1929
25373849,1495,1155,4215,1098,4225,10743,217,1930
25384822,1496,1120,4207,1100,4212,10738,208,1931
25395738,1497,1128,4287,1127,4229,10681,209,1932
25406786,1498,1137,4209,1099,4208,10813,208,1933
25417716,1499,1140,4263,1120,4226,10695,209,1935
25428743,1500,1130,8,1099,9,10791,209,1936
25432463,1501,1128,9,1100,4213,2289,204,1936
25439186,1502,1129,4261,1100,4213,6490,206,1936
25450192,1503,1127,4209,1099,4210,10772,208,1937
25461115,1504,1135,4265,1121,4223,10688,209,1938
25472135,1505,1131,4238,1099,4264,10784,208,1939
25483172,1506,1129,4222,1098,4221,10773,236,1941
25494147,1507,1129,4212,1098,4255,10712,235,1942
25505138,1508,1100,4221,1100,4217,10737,227,1943
25516119,1509,1157,4232,1099,4212,10736,217,1944
25527097,1510,1145,4213,1100,4213,10742,208,1945
25538044,1511,1128,9,1107,8,10711,208,1947
25542462,1512,1127,4228,1099,4213,2293,232,1947
25553424,1513,1127,4210,1099,4226,10711,208,1948
25564364,1514,1130,4230,1099,4213,10705,208,1949
25575344,1515,1100,4208,1098,4211,10744,208,1950
25586267,1516,1128,4262,1115,4223,10687,208,1951
25597272,1517,1101,4212,1099,4292,10769,208,1952
25608312,1518,1130,4216,1110,4223,10776,237,1954
25619295,1519,1129,4213,1103,4253,10720,236,1955
25630287,1520,1100,4212,1100,4214,10738,227,1956
25641256,1521,1129,4255,1099,4233,10668,217,1957
25652251,1522,1110,4208,1100,4225,10759,208,1958
25663170,1523,1129,4268,1100,4211,10684,208,1960
25674155,1524,1145,4210,1114,4209,10749,208,1961
25685112,1525,1129,4258,1144,4230,10721,209,1962
25696152,1526,1129,4213,1099,4209,10805,209,1963
25707106,1527,1129,4216,1099,4232,10691,236,1964
25718078,1528,1099,4212,1100,4215,10717,227,1966
25729047,1529,1127,4232,1100,4213,10669,217,1967
25740026,1530,1145,4210,1099,4213,10743,209,1968
25750971,1531,1128,4258,1127,4241,10709,208,1969
25762003,1532,1137,4210,1099,4211,10795,208,1970
25772935,1533,1129,4262,1107,4222,10697,208,1972
25783931,1534,1135,4235,1098,4265,10760,209,1973
25794970,1535,1130,4216,1115,4223,10774,237,1974
25805959,1536,1129,4225,1099,4244,10727,236,1975
25817010,1537,1100,4226,1100,4239,10739,227,1976
25827968,1538,1100,4211,1100,4225,10707,225,1978
25838912,1539,1116,4214,1100,4212,10708,209,1979
25849860,1540,1128,4253,1099,4212,10713,209,1980
25860829,1541,1145,4207,1116,4209,10734,209,1981
25871785,1542,1100,4238,1098,4249,10719,208,1982
25882803,1543,1129,4212,1109,4208,10783,208,1984
25893765,1544,1100,4220,1100,4241,10698,236,1985
25904778,1545,1099,4212,1100,4213,10732,227,1986
25915718,1546,1099,4251,1099,4218,10667,217,1987
25926692,1547,1144,4214,1100,4213,10739,208,1988
25937640,1548,1129,4251,1127,4225,10712,209,1990
25948650,1549,1145,4219,1099,4212,10774,209,1991
25959602,1550,1125,4258,1117,4210,10716,209,1992
25970620,1551,1134,4227,1098,4264,10783,208,1993
25981648,1552,1099,4217,1116,4232,10764,237,1994
25992645,1553,1129,4217,1098,4251,10735,235,1996
26003637,1554,1156,4223,1126,4250,10737,227,1997
26014686,1555,1158,4225,1099,4213,10796,226,1998
26025675,1556,1128,4285,1099,4218,10736,208,1999
26036683,1557,1144,4211,1100,4212,10772,209,2000
26047627,1558,1129,4251,1100,4211,10708,209,2002
26058595,1559,1100,4209,1108,4208,10732,209,2003
26069527,1560,1131,4212,1097,4285,10696,208,2004
26080559,1561,1130,4214,1116,4221,10769,237,2005
26091545,1562,1128,4212,1099,4255,10722,235,2006
26102535,1563,1100,4213,1126,4251,10737,227,2008
26113576,1564,1156,4229,1099,4214,10731,227,2009
26124551,1565,1128,4266,1102,4235,10740,208,2010
26135577,1566,1146,4210,1100,4213,10774,209,2011
26146522,1567,1128,4256,1126,4221,10709,208,2012
26157533,1568,1146,4223,1098,4211,10775,208,2014
26168488,1569,1148,4260,1118,4205,10720,208,2015
26179498,1570,1100,4213,1098,4208,10774,209,2016
26190451,1571,1130,4213,1099,4241,10691,235,2017
26201460,1572,1100,4213,1100,4264,10726,227,2018
26212459,1573,1131,4226,1100,4213,10717,225,2020
26223406,1574,1117,4210,1100,4213,10711,209,2021
26234322,1575,1128,4258,1127,4223,10681,208,2022
26245335,1576,1145,4219,1099,4216,10777,208,2023
26256291,1577,1129,4253,1127,4222,10720,209,2024
26267300,1578,1099,4213,1099,4294,10773,208,2025
26278341,1579,1128,4224,1116,4228,10777,237,2027
26289342,1580,1129,4221,1098,4255,10739,236,2028
26300368,1581,1100,4221,1126,4250,10744,254,2029
26311390,1582,1127,4227,1099,4216,10739,227,2030
26322383,1583,1099,4264,1100,4234,10741,209,2031
26333387,1584,1145,4209,1100,4213,10768,208,2033
26344330,1585,1128,4252,1100,4212,10708,209,2034
26355298,1586,1130,4209,1099,4207,10732,209,2035
26366219,1587,1129,4224,1098,4268,10686,208,2036
26377244,1588,1131,4219,1116,4214,10760,237,2037
26388245,1589,1130,4221,1098,4260,10738,236,2039
26399251,1590,1100,4213,1126,4251,10752,227,2040
26410293,1591,1156,4228,1099,4214,10732,227,2041
26421268,1592,1127,4280,1099,4228,10740,208,2042
26432298,1593,1145,4208,1099,4212,10778,209,2043
26443241,1594,1098,4242,1100,4212,10706,208,2045
26454199,1595,1129,4219,1098,4209,10723,209,2046
26465131,1596,1131,4221,1099,4272,10696,208,2047
26476160,1597,1100,4211,1116,4208,10764,237,2048
26487145,1598,1130,4212,1099,4261,10723,236,2049
26498142,1599,1100,4218,1100,4265,10743,226,2051
26509169,1600,1157,4222,1099,4214,10783,217,2052
26520139,1601,1118,4212,1100,4213,10734,209,2053
26531058,1602,1129,4242,1100,4211,10683,208,2054
26542017,1603,1130,4220,1116,4217,10723,209,2055
26552976,1604,1156,4243,1127,4254,10724,208,2057
26564034,1605,1129,4239,1098,4252,10822,208,2058
26575060,1606,1131,4227,1115,4227,10762,237,2059
26586066,1607,1130,4222,1098,4256,10743,236,2060
26597095,1608,1100,4212,1100,4237,10749,254,2061
26608060,1609,1128,4220,1100,4230,10691,217,2063
26619016,1610,1146,4209,1099,4213,10720,208,2064
26629960,1611,1130,4268,1127,4211,10708,208,2065
26640972,1612,1145,4223,1098,4210,10777,209,2066
26651925,1613,1100,4253,1133,4207,10718,209,2067
26662925,1614,1099,4211,1108,4287,10763,208,2069
26673966,1615,1130,4219,1116,4211,10777,237,2070
26684964,1616,1130,4222,1098,4262,10719,236,2071
26696000,1617,1100,4215,1126,4250,10754,255,2072
26707016,1618,1156,4229,1099,4212,10733,226,2073
26717990,1619,1129,4264,1109,4234,10738,209,2075
26729022,1620,1145,4209,1100,4213,10780,209,2076
26739966,1621,1129,4254,1127,4211,10708,208,2077
26750964,1622,1146,4209,1116,4209,10762,208,2078
26761921,1623,1109,4234,1127,4253,10722,209,2079
26772950,1624,1130,4242,1098,4252,10794,208,2081
26783978,1625,1129,4217,1115,4208,10764,237,2082
26794970,1626,1130,4212,1098,4250,10712,253,2083
26805956,1627,1100,4224,1099,4216,10733,227,2084
26816945,1628,1123,4228,1102,4234,10738,224,2085
26827939,1629,1146,4211,1100,4213,10729,209,2087
26838885,1630,1128,4266,1127,4211,10710,208,2088
26849895,1631,1146,9,1099,9,10774,209,2089
26852476,1632,1100,9,1100,9,2304,251,2089
26857474,1633,1100,4225,1100,4218,2288,204,2089
26868410,1634,1100,4251,1112,4233,10685,208,2090
26879412,1635,1145,4211,1099,4212,10766,209,2091
26890358,1636,1129,4257,1126,4211,10710,208,2092
26901358,1637,1146,4210,1098,4210,10765,208,2093
26912318,1638,1143,4234,1123,4219,10724,209,2094
26923332,1639,1100,4212,1108,4274,10779,209,2096
26934360,1640,1100,4223,1116,4211,10764,237,2097
26945359,1641,1100,4219,1098,4218,10720,235,2098
26956321,1642,1127,4229,1099,4219,10708,227,2099
26967302,1643,1129,4264,1107,4236,10746,209,2100
26978332,1644,1145,4206,1100,4213,10778,208,2102
26989273,1645,1129,4258,1100,4225,10705,208,2103
27000263,1646,1128,4208,1116,4212,10753,209,2104
27011204,1647,1156,4248,1128,4245,10706,209,2105
27022257,1648,1129,4220,1098,4286,10817,208,2106
27033295,1649,1130,4217,1115,4209,10774,237,2108
27044289,1650,1100,4212,1098,4216,10714,236,2109
27055239,1651,1156,4211,1099,4213,10697,226,2110
27066195,1652,1116,4207,1099,4212,10721,209,2111
27077108,1653,1099,4257,1100,4211,10677,209,2112
27088081,1654,1129,4219,1100,4213,10738,209,2114
27099019,1655,1134,4263,1098,4238,10701,208,2115
27110055,1656,1130,4212,1116,4212,10774,236,2116
27121046,1657,1100,4217,1099,4260,10727,235,2117
27132104,1658,1100,4220,1100,4238,10748,284,2118
27143048,1659,1131,4211,1114,4235,10699,217,2120
27154015,1660,1145,4209,1100,4213,10731,209,2121
27164958,1661,1129,4258,1127,4211,10707,209,2122
27175960,1662,1146,4210,1098,4264,10766,208,2123
27186973,1663,1129,4243,1099,4208,10778,208,2124
27197929,1664,1100,4229,1098,4265,10721,209,2126
27208954,1665,1130,4228,1116,4211,10762,237,2127
27219959,1666,1130,4215,1099,4219,10725,252,2128
27230919,1667,1100,4228,1099,4218,10706,226,2129
27241899,1668,1128,4251,1117,8,10745,208,2130
27248696,1669,1128,9,1121,8,6547,207,2131
27252463,1670,1099,4219,1107,4274,2326,233,2131
27263468,1671,1100,4228,1115,4208,10743,236,2132
27274472,1672,1129,4212,1098,4212,10722,253,2133
27285409,1673,1128,4211,1099,4211,10694,217,2134
27296365,1674,1144,4209,1099,4213,10720,209,2135
27307308,1675,1128,4236,1128,4214,10707,208,2136
27318291,1676,1145,4209,1115,4209,10748,209,2138
27329248,1677,1142,4235,1127,4251,10721,208,2139
27340281,1678,1129,4219,1107,4284,10798,208,2140
27351325,1679,1101,4217,1115,9,10780,237,2141
27358080,1680,1157,9,1100,8,6512,215,2142
27362463,1681,1100,4218,1116,4212,2316,204,2142
27373429,1682,1100,4219,1099,4211,10687,236,2143
27384381,1683,1156,4211,1099,4212,10700,226,2144
27395338,1684,1117,4209,1099,4212,10721,209,2145
27406255,1685,1129,4247,1126,4211,10682,209,2146
27417248,1686,1146,4209,1117,4274,10757,209,2147
27428269,1687,1128,4247,1098,4209,10786,209,2149
27439229,1688,1129,4242,1098,4263,10724,208,2150
27450266,1689,1129,4228,1115,4209,10773,237,2151
27461271,1690,1130,4226,1098,4209,10725,253,2152
27472230,1691,1157,4228,1100,4228,10705,226,2153
27483220,1692,1150,4228,1118,4237,10755,209,2155
27494247,1693,1146,4208,1100,4213,10775,209,2156
27505191,1694,1130,4236,1127,4218,10708,208,2157
27516178,1695,1147,4211,1115,4294,10752,208,2158
27527223,1696,1099,4231,1098,4220,10809,208,2159
27538179,1697,1100,4265,1098,4236,10721,209,2161
27549212,1698,1100,4216,1116,4209,10770,236,2162
27560204,1699,1100,4213,1099,4215,10713,236,2163
27571155,1700,1156,4228,1100,4219,10699,226,2164
27582135,1701,1151,4225,1117,4245,10744,209,2165
27593167,1702,1145,4208,1099,4212,10796,209,2167
27604110,1703,1098,4246,1127,4214,10707,209,2168
27615103,1704,1146,4209,1115,4264,10757,208,2169
27626114,1705,1128,4257,1099,4208,10775,208,2170
27637083,1706,1129,4213,1107,4257,10734,208,2171
27648095,1707,1106,4234,1115,4209,10748,237,2173
27659113,1708,1129,4212,1098,4209,10736,253,2174
27670058,1709,1127,4211,1099,4213,10692,225,2175
27681015,1710,1118,4214,1099,4213,10721,208,2176
27691936,1711,1155,4209,1127,4211,10685,208,2177
27702914,1712,1145,4211,1114,4295,10743,209,2179
27713957,1713,1115,4223,1098,4213,10808,209,2180
27724913,1714,1100,4218,1097,4266,10720,209,2181
27735930,1715,1132,4236,1115,4209,10753,237,2182
27746945,1716,1129,4212,1098,4215,10736,253,2183
27757894,1717,1156,4211,1100,4213,10696,225,2185
27768851,1718,1117,4213,1099,8,10722,209,2186
27775566,1719,1128,8,1099,8,6482,207,2186
27778100,1720,1100,8,1099,4214,2286,222,2186
27784854,1721,1155,4259,1099,4221,6521,206,2186
27795867,1722,1127,4261,1127,4225,10778,208,2187
27806884,1723,1099,4208,1099,4207,10782,208,2188
27817805,1724,1158,4237,1126,4245,10686,209,2190
27828850,1725,1130,4213,1116,4277,10809,208,2191
27839891,1726,1138,4234,1115,4209,10776,237,2192
27850911,1727,1130,4212,1099,4210,10739,238,2193
27861857,1728,1100,4210,1099,4227,10694,226,2194
27872829,1729,1145,4251,1099,4235,10737,209,2196
27883838,1730,1137,9,1098,8,10773,208,2197
27887455,1731,1100,8,1098,4261,2321,205,2197
27894271,1732,1100,4213,1125,4250,6510,280,2197
27905244,1733,1100,4210,1099,4212,10730,217,2198
27916200,1734,1146,4264,1099,4240,10720,208,2199
27927226,1735,1145,4213,1099,4224,10791,209,2200
27938187,1736,1129,4268,1099,4225,10726,209,2202
27949185,1737,1098,4230,1115,4209,10762,209,2203
27960145,1738,1152,4236,1127,4258,10724,208,2204
27971194,1739,1129,4250,1098,4241,10814,209,2205
27982218,1740,1132,4235,1116,4211,10760,237,2206
27993234,1741,1100,4216,1099,4210,10735,255,2208
28004182,1742,1156,4211,1099,4214,10696,226,2209
28015140,1743,1117,4210,1100,4226,10722,209,2210
28026069,1744,1126,4231,1100,4211,10693,208,2211
28037043,1745,1145,4210,1099,4269,10738,208,2212
28048061,1746,1128,4248,1099,4228,10783,208,2214
28059042,1747,1159,4239,1127,4258,10746,209,2215
28070104,1748,1130,4233,1099,4252,10827,209,2216
28081123,1749,1143,4234,1115,4291,10756,237,2217
28092213,1750,1148,4230,1099,4212,10826,237,2218
28103225,1751,1129,4223,1098,4218,10730,255,2220
28114178,1752,1156,4211,1099,4212,10710,217,2221
28125134,1753,1144,4263,1099,4241,10720,208,2222
28136161,1754,1100,4219,1100,4225,10791,209,2223
28147128,1755,1128,4265,1100,4211,10732,209,2224
28158109,1756,1128,4221,1099,4210,10746,208,2226
28169045,1757,1099,4263,1100,4227,10700,208,2227
28180068,1758,1129,4231,1116,4209,10761,236,2228
28191075,1759,1131,4212,1099,4212,10726,253,2229
28202015,1760,1100,4211,1100,4212,10696,217,2230
28212971,1761,1144,4290,1099,4211,10721,209,2232
28223994,1762,1130,4221,1100,4225,10787,208,2233
28234963,1763,1130,4268,1126,4211,10733,208,2234
28245976,1764,1129,4211,1099,8,10777,208,2235
28252727,1765,1148,9,1126,9,6490,235,2236
28257470,1766,1127,4232,1099,4262,2332,204,2236
28268467,1767,1099,4209,1100,4213,10762,208,2237
28279394,1768,1129,4246,1126,4218,10691,208,2238
28290390,1769,1130,4218,1099,4212,10761,209,2239
28301327,1770,1146,9,1102,9,10701,209,2240
28303866,1771,1145,36,1099,8,2306,204,2240
28307458,1772,1099,4219,1128,4210,2330,204,2240
28318417,1773,1130,4212,1115,4286,10725,208,2241
28329466,1774,1146,4229,1099,4210,10784,238,2242
28340475,1775,1100,4226,1098,4211,10727,256,2243
28351425,1776,1156,4211,1099,4212,10706,217,2244
28362380,1777,1145,4264,1099,4237,10720,209,2245
28373403,1778,1139,4216,1099,4223,10787,209,2247
28384376,1779,1099,4250,1127,4211,10737,209,2248
28395369,1780,1098,4238,1116,4291,10757,208,2249
28406420,1781,1128,4257,1099,4210,10815,208,2250
28417391,1782,1100,4265,1128,4241,10736,209,2251
28428431,1783,1130,4213,1116,4263,10803,208,2253
28439457,1784,1130,4224,1098,4249,10763,237,2254
28450482,1785,1130,9,1104,9,10743,255,2255
28453006,1786,1128,9,1099,8,2293,204,2255
28457484,1787,1100,4244,1124,4231,2302,232,2255
28468467,1788,1127,4211,1099,4227,10741,216,2256
28479439,1789,1147,4290,1099,4213,10736,208,2257
28490466,1790,1129,4246,1099,4223,10791,209,2258
28501442,1791,1128,4259,1127,4213,10740,209,2259
28512446,1792,1129,4219,1099,4209,10768,208,2260
28523378,1793,1143,4235,1127,4208,10696,208,2262
28534397,1794,1128,4212,1116,4283,10784,209,2263
28545442,1795,1146,4229,1099,4210,10781,237,2264
28556451,1796,1100,4212,1098,4211,10726,254,2265
28567388,1797,1157,4214,1100,4212,10694,217,2266
28578348,1798,1144,4263,1100,4220,10724,209,2268
28589352,1799,1138,4248,1100,4219,10769,209,2269
28600335,1800,1128,4257,1127,4211,10748,209,2270
28611335,1801,1130,4220,1115,4212,10765,209,2271
28622290,1802,1135,4230,1121,4226,10720,209,2272
28633281,1803,1128,4212,1116,4266,10756,209,2274
28644309,1804,1129,4245,1098,4220,10764,237,2275
28655323,1805,1129,4212,1100,4211,10733,254,2276
28666261,1806,1156,4211,1100,4213,10693,217,2277
28677219,1807,1146,4273,1100,4234,10723,209,2278
28688249,1808,1130,4220,1100,4223,10794,208,2280
28699217,1809,1129,4247,1101,4225,10731,208,2281
28710194,1810,1130,4245,1098,4210,10742,208,2282
28721155,1811,1149,4233,1127,4223,10725,208,2283
28732165,1812,1100,4218,1116,4270,10775,209,2284
28743203,1813,1129,4238,1098,4239,10775,237,2286
28754233,1814,1128,4222,1098,4210,10746,255,2287
28765178,1815,1156,4214,1100,4212,10702,217,2288
28776137,1816,1145,4265,1100,4226,10723,209,2289
28787149,1817,1110,4222,1100,4221,10776,209,2290
28798125,1818,1128,4256,1126,4211,10739,208,2292
28809124,1819,1099,4230,1116,4291,10764,208,2293
28820167,1820,1099,4263,1102,4207,10807,208,2294
28831145,1821,1128,4259,1128,4248,10743,209,2295
28842185,1822,1130,4217,1115,4265,10805,209,2296
28853220,1823,1130,4211,1098,4274,10770,237,2298
28864257,1824,1130,4212,1098,4210,10753,255,2299
28875193,1825,1158,4211,1100,4224,10692,217,2300
28886162,1826,1144,4272,1099,4233,10734,208,2301
28897190,1827,1130,4242,1100,4222,10792,208,2302
28908159,1828,1127,4243,1127,4212,10734,209,2304
28919146,1829,1128,4238,1098,4210,10751,209,2305
28930097,1830,1113,4233,1127,4219,10715,209,2306
28941096,1831,1129,4225,1116,4286,10764,209,2307
28952157,1832,1147,4232,1098,4209,10797,237,2308
28963169,1833,1128,4216,1098,4211,10729,255,2310
28974109,1834,1157,4211,1099,4218,10696,217,2311
28985071,1835,1144,4262,1099,4224,10727,208,2312
28996079,1836,1109,4246,1100,4219,10773,209,2313
29007060,1837,1127,4252,1126,4211,10746,209,2314
29018055,1838,1098,4229,1116,4291,10759,208,2316
29029096,1839,1140,4245,1098,4212,10806,209,2317
29040069,1840,1138,4237,1126,4243,10737,209,2318
29051092,1841,1130,4220,1116,4274,10786,208,2319
29062136,1842,1100,4237,1098,4239,10781,237,2320
29073164,1843,1100,4213,1098,4210,10744,256,2322
29084100,1844,1156,4211,1099,4225,10692,217,2323
29095067,1845,1116,4255,1100,4232,10732,208,2324
29106076,1846,1131,4245,1100,4223,10773,209,2325
29117052,1847,1128,4233,1099,4211,10740,209,2326
29128001,1848,1098,4252,1098,4207,10714,208,2328
29138964,1849,1155,4247,1128,4221,10727,208,2329
29149992,1850,1129,4240,1115,4274,10792,209,2330
29161057,1851,1147,4230,1099,4209,10802,237,2331
29172067,1852,1129,4220,1099,4210,10727,256,2332
29183010,1853,1157,4211,1101,4217,10698,217,2334
29193972,1854,1144,4264,1099,4218,10727,209,2335
29204976,1855,1139,4249,1099,4222,10767,208,2336
29215963,1856,1129,4247,1127,4211,10752,209,2337
29226955,1857,1127,4229,1100,4210,10757,209,2338
29237899,1858,1130,4230,1127,4209,10709,209,2340
29248901,1859,1129,4225,1116,4273,10767,208,2341
29259950,1860,1129,4210,1099,4238,10785,237,2342
29270951,1861,1129,4226,1099,4210,10719,255,2343
29281901,1862,1156,4211,1100,4222,10706,217,2344
29292866,1863,1145,4277,1099,4211,10730,209,2346
29303877,1864,1129,4255,1100,4223,10775,209,2347
29314862,1865,1128,4239,1126,4211,10749,208,2348
29325844,1866,1129,4219,1099,4208,10747,208,2349
29336777,1867,1138,4237,1126,4207,10697,209,2350
29347791,1868,1129,4231,1115,4270,10779,208,2352
29358843,1869,1129,4236,1098,4238,10788,237,2353
29369869,1870,1129,4212,1098,4211,10744,256,2354
29380805,1871,1156,4211,1100,4227,10692,217,2355
29391776,1872,1116,4251,1100,4212,10736,209,2356
29402761,1873,1128,4270,1100,4219,10748,208,2358
29413756,1874,1127,4237,1127,4211,10760,209,2359
29424735,1875,1129,4237,1098,4210,10744,208,2360
29435687,1876,1137,4234,1121,4226,10716,209,2361
29446684,1877,1131,4239,1115,4265,10761,208,2362
29457739,1878,1147,4235,1099,4210,10792,237,2364
29468756,1879,1099,4238,1099,4210,10733,255,2365
29479754,1880,1100,4228,1113,4232,10718,226,2366
29490751,1881,1127,4211,1108,4231,10715,224,2367
29501734,1882,1145,4273,1099,4215,10719,209,2368
29512745,1883,1099,4255,1100,4223,10776,208,2370
29523729,1884,1128,8,1098,8,10748,208,2371
29527456,1885,1100,8,1098,4208,2286,233,2371
29534154,1886,1157,4211,1100,4236,6457,214,2371
29545134,1887,1138,4228,1099,4215,10746,208,2372
29556122,1888,1128,4258,1099,4221,10752,209,2373
29567108,1889,1129,4226,1127,4211,10750,208,2374
29578078,1890,1100,4228,1099,4215,10735,209,2376
29589025,1891,1129,4238,1126,4237,10712,208,2377
29600031,1892,1130,4227,1116,4264,10770,208,2378
29611073,1893,1130,4216,1099,4238,10778,237,2379
29622079,1894,1129,4212,1100,4211,10724,254,2380
29633016,1895,1099,8,1099,8,10693,217,2382
29637455,1896,1126,4234,1128,4208,2259,205,2382
29648455,1897,1130,4233,1116,4266,10765,208,2383
29659505,1898,1129,4215,1099,4235,10787,237,2384
29670506,1899,1129,4212,1098,4213,10719,254,2385
29681444,1900,1100,4211,1100,4248,10694,217,2386
29692437,1901,1167,4224,1100,4212,10728,209,2387
29703417,1902,1130,4259,1099,4229,10744,208,2389
29714412,1903,1098,4227,1127,4212,10759,209,2390
29725382,1904,1100,4228,1098,4210,10734,209,2391
29736325,1905,1098,4239,1126,4232,10706,208,2392
29747325,1906,1131,4239,1115,4268,10765,208,2393
29758384,1907,1130,4245,1099,4220,10795,237,2395
29769404,1908,1100,4239,1099,4210,10737,256,2396
29780392,1909,1099,4211,1126,4248,10718,243,2397
29791400,1910,1127,4211,1110,4232,10726,224,2398
29802387,1911,1144,4228,1099,4218,10723,209,2399
29813383,1912,1109,4259,1100,4229,10761,208,2401
29824386,1913,1129,4227,1127,4211,10768,208,2402
29835357,1914,1129,4231,1100,4209,10735,209,2403
29846303,1915,1130,4232,1127,4208,10711,208,2404
29857307,1916,1134,4247,1115,4259,10768,208,2405
29868368,1917,1129,4210,1099,4236,10798,236,2407
29879366,1918,1128,4212,1099,4210,10717,254,2408
29890302,1919,1156,4210,1100,4243,10693,217,2409
29901290,1920,1134,9,1100,9,10751,208,2410
29903843,1921,1099,9,1100,8,2322,204,2410
29907460,1922,1126,4211,1117,4228,2286,204,2410
29918420,1923,1128,4290,1100,4212,10725,208,2411
29929426,1924,1129,4211,1100,4223,10771,208,2412
29940366,1925,1147,4255,1127,4221,10703,208,2413
29951392,1926,1130,4241,1098,4209,10791,209,2414
29962348,1927,1127,4237,1126,4238,10721,209,2415
29973353,1928,1108,4237,1116,4253,10770,209,2417
29984401,1929,1129,4216,1098,4252,10784,237,2418
29995420,1930,1129,4213,1099,4209,10737,256,2419
30006356,1931,1100,4211,1100,4231,10691,217,2420
30017332,1932,1145,4242,1100,4232,10684,209,2421
30028329,1933,1129,4259,1100,4229,10761,208,2423
30039324,1934,1129,4207,1099,4211,10759,208,2424
30050249,1935,1129,4261,1102,4207,10689,208,2425
30061226,1936,1140,4231,1128,4218,10742,209,2426
30072220,1937,1145,4231,1116,4259,10759,208,2427
30083276,1938,1129,4211,1098,4249,10791,237,2429
30094288,1939,1129,4240,1098,4211,10730,256,2430
30105252,1940,1100,4218,1126,4254,10720,217,2431
30116283,1941,1156,4211,1117,4233,10795,208,2432
30127294,1942,1100,4281,1099,4211,10759,208,2433
30138294,1943,1100,4207,1099,4224,10764,209,2435
30149232,1944,1129,4274,1127,4222,10703,209,2436
30160263,1945,1127,4248,1099,4211,10796,209,2437
30171226,1946,1098,4235,1126,4238,10727,208,2438
30182229,1947,1114,4234,1116,4253,10768,208,2439
30193281,1948,1129,4212,1099,4256,10788,237,2441
30204300,1949,1130,4211,1099,4209,10736,255,2442
30215237,1950,1157,4211,1104,4235,10693,217,2443
30226220,1951,1144,4242,1099,4235,10747,209,2444
30237220,1952,1129,4261,1100,4229,10764,209,2445
30248215,1953,1108,4208,1100,4211,10760,208,2447
30259150,1954,1129,4209,1099,4217,10699,209,2448
30270081,1955,1130,4264,1108,4217,10696,209,2449
30281106,1956,1129,4209,1097,4245,10762,236,2450
30292112,1957,1129,4213,1099,4209,10723,256,2451
30303048,1958,1156,4211,1100,9,10692,217,2453
30309800,1959,1155,9,1115,8,6517,206,2453
30312461,1960,1110,8,1099,4211,2329,231,2453
30319180,1961,1127,4210,1117,4231,6470,223,2453
30330173,1962,1099,4264,1099,4232,10729,208,2454
30341174,1963,1129,4208,1100,4211,10766,208,2455
30352100,1964,1100,4283,1099,4211,10691,209,2456
30363100,1965,1129,4210,1099,4213,10765,208,2458
30374029,1966,1130,4216,1115,4268,10694,209,2459
30385064,1967,1129,4210,1098,4247,10772,209,2460
30396072,1968,1130,4213,1099,4212,10726,255,2461
30407012,1969,1100,4211,1104,4235,10695,217,2462
30417996,1970,1144,4215,1099,4211,10749,209,2464
30428972,1971,1129,4209,1099,4222,10741,209,2465
30439911,1972,1130,4285,1100,4211,10704,209,2466
30450915,1973,1129,4219,1098,4259,10769,209,2467
30461899,1974,1145,4231,1125,4223,10749,209,2468
30472901,1975,1146,4228,1099,4281,10767,209,2470
30483961,1976,1128,4214,1099,4261,10796,237,2471
30494988,1977,1128,4211,1098,4213,10744,256,2472
30505925,1978,1156,4210,1107,4234,10694,217,2473
30516912,1979,1172,4216,1100,4222,10751,209,2474
30527899,1980,1138,4209,1100,4226,10752,209,2476
30538850,1981,1146,4249,1099,4211,10715,209,2477
30549833,1982,1100,4210,1099,4209,10746,208,2478
30560758,1983,1129,4252,1115,4228,10690,209,2479
30571789,1984,1128,4211,1098,4262,10767,237,2480
30582813,1985,1100,4238,1099,4210,10742,256,2482
30593802,1986,1100,4216,1124,4249,10717,245,2483
30604799,1987,1156,4211,1100,4245,10732,208,2484
30615806,1988,1129,4265,1100,4236,10755,209,2485
30626812,1989,1110,9,1134,9,10771,208,2486
30629375,1990,1147,9,1099,8,2331,205,2486
30632459,1991,1100,4226,1115,4254,2305,204,2486
30643460,1992,1129,4211,1098,4258,10738,235,2487
30654481,1993,1130,4238,1098,4210,10738,255,2488
30665500,1994,1100,4211,1099,4264,10719,217,2489
30676452,1995,1174,4214,1100,4211,10716,209,2490
30687428,1996,1130,4252,1099,4225,10741,208,2491
30698413,1997,1154,4233,1100,4211,10749,209,2493
30709389,1998,1129,4224,1098,4290,10740,209,2494
30720409,1999,1112,4210,1099,4222,10784,208,2495
30731358,2000,1129,4263,1135,4250,10714,209,2496
30742412,2001,1129,4247,1099,4264,10819,209,2497
30753474,2002,1129,4211,1099,4261,10797,237,2499
30764498,2003,1130,4238,1099,4209,10740,256,2500
30775459,2004,1100,4214,1125,4252,10718,217,2501
30786484,2005,1156,4211,1099,4210,10789,208,2502
30797456,2006,1129,4293,1099,4211,10736,209,2504
30808484,2007,1100,4208,1100,4211,10793,208,2505
30819409,2008,1128,4307,1127,4215,10690,209,2506
30830462,2009,1099,4253,1099,4261,10818,208,2507
30841482,2010,1129,4209,1109,4211,10784,209,2508
30852418,2011,1147,4256,1116,4228,10701,209,2509
30863469,2012,1129,4212,1098,4284,10787,209,2511
30874517,2013,1129,4222,1097,4209,10765,256,2512
30885489,2014,1130,4211,1122,4230,10700,245,2513
30896460,2015,1156,4211,1100,4258,10735,209,2514
30907478,2016,1099,4225,1100,4227,10783,209,2516
30918462,2017,1130,4224,1099,4211,10748,208,2517
30929404,2018,1146,4258,1126,4211,10706,208,2518
30940424,2019,1129,4248,1098,4286,10784,208,2519
30951463,2020,1141,4225,1099,4208,10803,208,2520
30962413,2021,1129,4263,1139,4248,10714,209,2521
30973470,2022,1100,4247,1100,4264,10821,208,2523
30984533,2023,1129,4210,1099,4261,10798,237,2524
30995557,2024,1100,4237,1099,4209,10741,255,2525
31006517,2025,1099,4212,1099,4275,10716,217,2526
31017539,2026,1173,4211,1100,4211,10729,208,2528
31028510,2027,1128,4307,1099,4220,10736,209,2529
31039544,2028,1138,4210,1099,4224,10798,209,2530
31050494,2029,1129,4258,1127,4211,10714,209,2531
31061513,2030,1129,4260,1111,4278,10784,208,2532
31072568,2031,1141,4209,1099,4224,10819,209,2534
31083520,2032,1130,4264,1116,4218,10716,209,2535
31094554,2033,1100,4210,1098,4285,10771,208,2536
31105601,2034,1100,4222,1098,4210,10765,256,2537
31116565,2035,1100,4211,1127,4241,10701,234,2538
31127550,2036,1156,4210,1099,4246,10720,208,2540
31138556,2037,1128,4263,1099,4220,10771,209,2541
31149546,2038,1129,4208,1100,4211,10754,209,2542
31160472,2039,1128,4301,1126,4211,10691,209,2543
31171516,2040,1129,4256,1099,4265,10809,208,2544
31182541,2041,1130,4210,1109,4211,10789,208,2546
31193477,2042,1118,4232,1116,4252,10700,208,2547
31204529,2043,1129,4213,1099,4259,10788,235,2548
31215552,2044,1129,4224,1114,4224,10741,255,2549
31226546,2045,1100,4215,1125,4241,10732,233,2550
31237534,2046,1156,4211,1117,4276,10753,209,2552
31248589,2047,1135,4211,1100,4221,10802,208,2553
31259532,2048,1100,4210,1100,4211,10708,208,2554
31270459,2049,1098,4260,1117,4211,10691,209,2555
31281452,2050,1128,4210,1099,4209,10758,209,2556
31292376,2051,1132,4264,1112,4221,10689,209,2557
31303411,2052,1129,4211,1098,4308,10772,208,2559
31314481,2053,1131,4212,1098,4224,10788,253,2560
31325467,2054,1129,4228,1098,4210,10705,254,2561
31336411,2055,1156,4210,1099,4247,10709,209,2562
31347419,2056,1129,4259,1099,4225,10772,208,2563
31358410,2057,1099,4209,1100,4223,10755,208,2565
31369348,2058,1128,4258,1127,4212,10703,208,2566
31380367,2059,1129,4260,1107,4263,10784,208,2567
31391405,2060,1129,4210,1118,4225,10802,209,2568
31402365,2061,1157,4246,1132,4242,10725,208,2569
31413418,2062,1129,4210,1099,4295,10817,208,2571
31424475,2063,1130,4210,1099,4210,10775,237,2572
31435446,2064,1099,4240,1099,4209,10691,254,2573
31446402,2065,1100,4210,1117,4267,10720,209,2574
31457448,2066,1135,4211,1100,4217,10794,209,2575
31468388,2067,1129,4209,1100,4211,10705,208,2577
31479315,2068,1099,4259,1116,4211,10691,209,2578
31490308,2069,1129,4212,1099,4209,10757,208,2579
31501235,2070,1133,9,1099,8,10691,208,2580
31503756,2071,1130,25,1127,8,2290,205,2580
31507461,2072,1113,4208,1099,4220,2333,204,2580
31518378,2073,1140,4264,1116,4220,10683,208,2581
31529422,2074,1129,4211,1098,4287,10808,208,2582
31540473,2075,1099,4218,1098,4211,10767,256,2583
31551441,2076,1100,4212,1114,4232,10697,244,2584
31562408,2077,1173,4210,1099,4225,10731,209,2585
31573395,2078,1146,4262,1099,4225,10752,208,2587
31584407,2079,1128,4223,1100,4212,10777,209,2588
31595347,2080,1129,4251,1144,4211,10705,209,2589
31606359,2081,1129,4208,1099,4288,10776,209,2590
31617362,2082,1128,4209,1123,4221,10768,209,2591
